institution,degree,year,employment_rate,median_salary,data_source,last_updated
VIT University,Computer Science,2025,97.0,1171861,BLS,2025-11-07T21:55:26.975002
VIT University,Computer Science,2026,91.0,1334827,LinkedIn,2025-11-07T21:55:26.975002
VIT University,Computer Science,2027,98.0,1162798,Glassdoor,2025-11-07T21:55:26.975002
VIT University,Computer Science,2028,98.0,1364171,Glassdoor,2025-11-07T21:55:26.975002
VIT University,Computer Science,2029,98.0,1525088,BLS,2025-11-07T21:55:26.975002
VIT University,Computer Science,2030,98.0,1295799,BLS,2025-11-07T21:55:26.975002
VIT University,Engineering,2025,94.0,983292,LinkedIn,2025-11-07T21:55:26.975002
VIT University,Engineering,2026,98.0,1181689,BLS,2025-11-07T21:55:26.975002
VIT University,Engineering,2027,94.0,1079687,BLS,2025-11-07T21:55:26.975002
VIT University,Engineering,2028,98.0,1363945,BLS,2025-11-07T21:55:26.975002
VIT University,Engineering,2029,98.0,1320695,LinkedIn,2025-11-07T21:55:26.975002
VIT University,Engineering,2030,98.0,1338158,Glassdoor,2025-11-07T21:55:26.975002
VIT University,Data Science,2025,98.0,723137,Glassdoor,2025-11-07T21:55:26.975002
VIT University,Data Science,2026,91.0,789170,Glassdoor,2025-11-07T21:55:26.975002
VIT University,Data Science,2027,98.0,872108,Glassdoor,2025-11-07T21:55:26.975002
VIT University,Data Science,2028,98.0,861011,Glassdoor,2025-11-07T21:55:26.975002
VIT University,Data Science,2029,98.0,761739,Glassdoor,2025-11-07T21:55:26.975002
VIT University,Data Science,2030,98.0,968919,Glassdoor,2025-11-07T21:55:26.975002
VIT University,Business,2025,83.0,698997,Glassdoor,2025-11-07T21:55:26.975002
VIT University,Business,2026,88.0,732218,Glassdoor,2025-11-07T21:55:26.975002
VIT University,Business,2027,89.0,891541,BLS,2025-11-07T21:55:26.975002
VIT University,Business,2028,87.0,890003,LinkedIn,2025-11-07T21:55:26.975002
VIT University,Business,2029,92.0,827128,LinkedIn,2025-11-07T21:55:26.975002
VIT University,Business,2030,93.0,885734,Glassdoor,2025-11-07T21:55:26.975002
VIT University,Medicine,2025,92.0,671019,LinkedIn,2025-11-07T21:55:26.975002
VIT University,Medicine,2026,85.0,845380,Glassdoor,2025-11-07T21:55:26.975002
VIT University,Medicine,2027,98.0,817106,LinkedIn,2025-11-07T21:55:26.975002
VIT University,Medicine,2028,97.0,775118,Glassdoor,2025-11-07T21:55:26.975002
VIT University,Medicine,2029,98.0,733258,BLS,2025-11-07T21:55:26.976428
VIT University,Medicine,2030,96.0,950565,BLS,2025-11-07T21:55:26.976428
VIT University,Law,2025,86.0,689118,BLS,2025-11-07T21:55:26.976428
VIT University,Law,2026,91.0,712874,Glassdoor,2025-11-07T21:55:26.976428
VIT University,Law,2027,86.0,848947,Glassdoor,2025-11-07T21:55:26.976428
VIT University,Law,2028,92.0,780268,Glassdoor,2025-11-07T21:55:26.976428
VIT University,Law,2029,98.0,856503,BLS,2025-11-07T21:55:26.976428
VIT University,Law,2030,98.0,829614,BLS,2025-11-07T21:55:26.976428
VIT University,Arts,2025,92.0,687430,LinkedIn,2025-11-07T21:55:26.976428
VIT University,Arts,2026,83.0,778489,BLS,2025-11-07T21:55:26.976428
VIT University,Arts,2027,90.0,797691,BLS,2025-11-07T21:55:26.976428
VIT University,Arts,2028,95.0,762068,Glassdoor,2025-11-07T21:55:26.976428
VIT University,Arts,2029,98.0,875319,LinkedIn,2025-11-07T21:55:26.976428
VIT University,Arts,2030,98.0,962160,Glassdoor,2025-11-07T21:55:26.976428
VIT University,Psychology,2025,83.0,787746,LinkedIn,2025-11-07T21:55:26.976428
VIT University,Psychology,2026,86.0,703969,Glassdoor,2025-11-07T21:55:26.976428
VIT University,Psychology,2027,97.0,755871,BLS,2025-11-07T21:55:26.976428
VIT University,Psychology,2028,94.0,800244,BLS,2025-11-07T21:55:26.976428
VIT University,Psychology,2029,93.0,754761,LinkedIn,2025-11-07T21:55:26.976428
VIT University,Psychology,2030,98.0,908301,LinkedIn,2025-11-07T21:55:26.976428
SRM University,Computer Science,2025,94.0,1261874,Glassdoor,2025-11-07T21:55:26.976428
SRM University,Computer Science,2026,97.0,1054203,BLS,2025-11-07T21:55:26.976428
SRM University,Computer Science,2027,98.0,1336520,BLS,2025-11-07T21:55:26.976428
SRM University,Computer Science,2028,98.0,1205200,Glassdoor,2025-11-07T21:55:26.976428
SRM University,Computer Science,2029,98.0,1262865,LinkedIn,2025-11-07T21:55:26.976428
SRM University,Computer Science,2030,98.0,1413093,LinkedIn,2025-11-07T21:55:26.976428
SRM University,Engineering,2025,96.0,1110105,Glassdoor,2025-11-07T21:55:26.976428
SRM University,Engineering,2026,98.0,1118018,Glassdoor,2025-11-07T21:55:26.976428
SRM University,Engineering,2027,98.0,1119213,Glassdoor,2025-11-07T21:55:26.976428
SRM University,Engineering,2028,98.0,1351765,LinkedIn,2025-11-07T21:55:26.976428
SRM University,Engineering,2029,98.0,1487563,BLS,2025-11-07T21:55:26.976428
SRM University,Engineering,2030,98.0,1391860,LinkedIn,2025-11-07T21:55:26.976428
SRM University,Data Science,2025,98.0,724901,BLS,2025-11-07T21:55:26.976428
SRM University,Data Science,2026,94.0,823297,LinkedIn,2025-11-07T21:55:26.976428
SRM University,Data Science,2027,98.0,883717,Glassdoor,2025-11-07T21:55:26.976428
SRM University,Data Science,2028,98.0,729451,LinkedIn,2025-11-07T21:55:26.976428
SRM University,Data Science,2029,98.0,780293,LinkedIn,2025-11-07T21:55:26.976428
SRM University,Data Science,2030,98.0,971881,LinkedIn,2025-11-07T21:55:26.976428
SRM University,Business,2025,80.0,645273,BLS,2025-11-07T21:55:26.976428
SRM University,Business,2026,86.0,683684,Glassdoor,2025-11-07T21:55:26.976428
SRM University,Business,2027,84.0,764457,LinkedIn,2025-11-07T21:55:26.976428
SRM University,Business,2028,98.0,923199,BLS,2025-11-07T21:55:26.976428
SRM University,Business,2029,98.0,872221,Glassdoor,2025-11-07T21:55:26.976428
SRM University,Business,2030,98.0,805694,BLS,2025-11-07T21:55:26.976428
SRM University,Medicine,2025,87.0,756205,LinkedIn,2025-11-07T21:55:26.976428
SRM University,Medicine,2026,89.0,720512,Glassdoor,2025-11-07T21:55:26.976428
SRM University,Medicine,2027,85.0,877873,Glassdoor,2025-11-07T21:55:26.976428
SRM University,Medicine,2028,98.0,931644,Glassdoor,2025-11-07T21:55:26.976428
SRM University,Medicine,2029,97.0,796052,LinkedIn,2025-11-07T21:55:26.976428
SRM University,Medicine,2030,98.0,1000610,Glassdoor,2025-11-07T21:55:26.976428
SRM University,Law,2025,83.0,644922,Glassdoor,2025-11-07T21:55:26.976428
SRM University,Law,2026,90.0,646935,Glassdoor,2025-11-07T21:55:26.976428
SRM University,Law,2027,98.0,891305,BLS,2025-11-07T21:55:26.976428
SRM University,Law,2028,97.0,788796,BLS,2025-11-07T21:55:26.976428
SRM University,Law,2029,98.0,882914,Glassdoor,2025-11-07T21:55:26.976428
SRM University,Law,2030,93.0,990892,BLS,2025-11-07T21:55:26.976428
SRM University,Arts,2025,82.0,782955,LinkedIn,2025-11-07T21:55:26.976428
SRM University,Arts,2026,89.0,650443,Glassdoor,2025-11-07T21:55:26.976428
SRM University,Arts,2027,90.0,847325,Glassdoor,2025-11-07T21:55:26.976428
SRM University,Arts,2028,96.0,794000,LinkedIn,2025-11-07T21:55:26.976428
SRM University,Arts,2029,91.0,857423,LinkedIn,2025-11-07T21:55:26.976428
SRM University,Arts,2030,93.0,975706,Glassdoor,2025-11-07T21:55:26.976428
SRM University,Psychology,2025,85.0,727822,BLS,2025-11-07T21:55:26.976428
SRM University,Psychology,2026,92.0,830853,BLS,2025-11-07T21:55:26.976428
SRM University,Psychology,2027,93.0,765694,BLS,2025-11-07T21:55:26.976428
SRM University,Psychology,2028,98.0,742242,Glassdoor,2025-11-07T21:55:26.976428
SRM University,Psychology,2029,94.0,924489,Glassdoor,2025-11-07T21:55:26.976428
SRM University,Psychology,2030,98.0,925480,LinkedIn,2025-11-07T21:55:26.976428
Amrita University,Computer Science,2025,89.0,1110963,BLS,2025-11-07T21:55:26.976428
Amrita University,Computer Science,2026,97.0,1086799,LinkedIn,2025-11-07T21:55:26.976428
Amrita University,Computer Science,2027,98.0,1365057,LinkedIn,2025-11-07T21:55:26.976428
Amrita University,Computer Science,2028,98.0,1466430,BLS,2025-11-07T21:55:26.976428
Amrita University,Computer Science,2029,98.0,1285077,BLS,2025-11-07T21:55:26.976428
Amrita University,Computer Science,2030,98.0,1243581,BLS,2025-11-07T21:55:26.976428
Amrita University,Engineering,2025,89.0,1274409,BLS,2025-11-07T21:55:26.976428
Amrita University,Engineering,2026,93.0,1363234,LinkedIn,2025-11-07T21:55:26.976428
Amrita University,Engineering,2027,98.0,1129898,LinkedIn,2025-11-07T21:55:26.976428
Amrita University,Engineering,2028,98.0,1463090,BLS,2025-11-07T21:55:26.976428
Amrita University,Engineering,2029,98.0,1522736,Glassdoor,2025-11-07T21:55:26.976428
Amrita University,Engineering,2030,98.0,1482732,Glassdoor,2025-11-07T21:55:26.976428
Amrita University,Data Science,2025,98.0,738436,BLS,2025-11-07T21:55:26.976428
Amrita University,Data Science,2026,98.0,667155,LinkedIn,2025-11-07T21:55:26.977507
Amrita University,Data Science,2027,98.0,719384,LinkedIn,2025-11-07T21:55:26.977507
Amrita University,Data Science,2028,98.0,723377,BLS,2025-11-07T21:55:26.977507
Amrita University,Data Science,2029,98.0,877660,LinkedIn,2025-11-07T21:55:26.977507
Amrita University,Data Science,2030,98.0,977604,Glassdoor,2025-11-07T21:55:26.977507
Amrita University,Business,2025,91.0,625808,BLS,2025-11-07T21:55:26.977507
Amrita University,Business,2026,82.0,817810,Glassdoor,2025-11-07T21:55:26.977507
Amrita University,Business,2027,93.0,815037,BLS,2025-11-07T21:55:26.977507
Amrita University,Business,2028,89.0,730315,BLS,2025-11-07T21:55:26.977507
Amrita University,Business,2029,90.0,841163,LinkedIn,2025-11-07T21:55:26.977507
Amrita University,Business,2030,98.0,854259,LinkedIn,2025-11-07T21:55:26.977507
Amrita University,Medicine,2025,79.0,617579,Glassdoor,2025-11-07T21:55:26.977507
Amrita University,Medicine,2026,96.0,731903,LinkedIn,2025-11-07T21:55:26.977507
Amrita University,Medicine,2027,96.0,748990,BLS,2025-11-07T21:55:26.977507
Amrita University,Medicine,2028,94.0,856232,LinkedIn,2025-11-07T21:55:26.977507
Amrita University,Medicine,2029,96.0,743499,BLS,2025-11-07T21:55:26.977507
Amrita University,Medicine,2030,98.0,958025,LinkedIn,2025-11-07T21:55:26.977507
Amrita University,Law,2025,91.0,614398,LinkedIn,2025-11-07T21:55:26.977507
Amrita University,Law,2026,85.0,733527,BLS,2025-11-07T21:55:26.977507
Amrita University,Law,2027,98.0,752337,LinkedIn,2025-11-07T21:55:26.977507
Amrita University,Law,2028,98.0,868109,Glassdoor,2025-11-07T21:55:26.977507
Amrita University,Law,2029,90.0,947041,LinkedIn,2025-11-07T21:55:26.977507
Amrita University,Law,2030,98.0,821253,LinkedIn,2025-11-07T21:55:26.977507
Amrita University,Arts,2025,85.0,752536,Glassdoor,2025-11-07T21:55:26.977507
Amrita University,Arts,2026,93.0,841043,LinkedIn,2025-11-07T21:55:26.977507
Amrita University,Arts,2027,92.0,747911,Glassdoor,2025-11-07T21:55:26.977507
Amrita University,Arts,2028,92.0,703693,LinkedIn,2025-11-07T21:55:26.977507
Amrita University,Arts,2029,98.0,971472,Glassdoor,2025-11-07T21:55:26.977507
Amrita University,Arts,2030,98.0,1008620,BLS,2025-11-07T21:55:26.977507
Amrita University,Psychology,2025,86.0,741640,Glassdoor,2025-11-07T21:55:26.977507
Amrita University,Psychology,2026,86.0,697159,BLS,2025-11-07T21:55:26.977507
Amrita University,Psychology,2027,85.0,859590,Glassdoor,2025-11-07T21:55:26.977507
Amrita University,Psychology,2028,92.0,766499,BLS,2025-11-07T21:55:26.977507
Amrita University,Psychology,2029,98.0,907330,Glassdoor,2025-11-07T21:55:26.977507
Amrita University,Psychology,2030,98.0,790637,LinkedIn,2025-11-07T21:55:26.977507
KL University,Computer Science,2025,86.0,996781,BLS,2025-11-07T21:55:26.977507
KL University,Computer Science,2026,93.0,1071936,BLS,2025-11-07T21:55:26.977507
KL University,Computer Science,2027,98.0,1062832,LinkedIn,2025-11-07T21:55:26.977507
KL University,Computer Science,2028,98.0,1170105,Glassdoor,2025-11-07T21:55:26.977507
KL University,Computer Science,2029,98.0,1164569,BLS,2025-11-07T21:55:26.977507
KL University,Computer Science,2030,98.0,1195414,Glassdoor,2025-11-07T21:55:26.977507
KL University,Engineering,2025,91.0,988355,BLS,2025-11-07T21:55:26.977507
KL University,Engineering,2026,98.0,1048888,BLS,2025-11-07T21:55:26.977507
KL University,Engineering,2027,98.0,1150207,LinkedIn,2025-11-07T21:55:26.977507
KL University,Engineering,2028,97.0,1075053,Glassdoor,2025-11-07T21:55:26.977507
KL University,Engineering,2029,98.0,995323,Glassdoor,2025-11-07T21:55:26.977507
KL University,Engineering,2030,98.0,1033171,BLS,2025-11-07T21:55:26.977507
KL University,Data Science,2025,88.0,624855,LinkedIn,2025-11-07T21:55:26.977507
KL University,Data Science,2026,98.0,617227,Glassdoor,2025-11-07T21:55:26.977507
KL University,Data Science,2027,95.0,700513,LinkedIn,2025-11-07T21:55:26.977507
KL University,Data Science,2028,98.0,714330,Glassdoor,2025-11-07T21:55:26.977507
KL University,Data Science,2029,98.0,661586,BLS,2025-11-07T21:55:26.977507
KL University,Data Science,2030,98.0,707814,BLS,2025-11-07T21:55:26.977507
KL University,Business,2025,81.0,633978,Glassdoor,2025-11-07T21:55:26.977507
KL University,Business,2026,90.0,578776,BLS,2025-11-07T21:55:26.977507
KL University,Business,2027,94.0,613651,Glassdoor,2025-11-07T21:55:26.977507
KL University,Business,2028,89.0,785927,LinkedIn,2025-11-07T21:55:26.977507
KL University,Business,2029,94.0,720944,Glassdoor,2025-11-07T21:55:26.977507
KL University,Business,2030,98.0,840523,Glassdoor,2025-11-07T21:55:26.977507
KL University,Medicine,2025,81.0,664236,BLS,2025-11-07T21:55:26.977507
KL University,Medicine,2026,79.0,589355,LinkedIn,2025-11-07T21:55:26.977507
KL University,Medicine,2027,82.0,711786,Glassdoor,2025-11-07T21:55:26.977507
KL University,Medicine,2028,92.0,644163,LinkedIn,2025-11-07T21:55:26.977507
KL University,Medicine,2029,92.0,657595,LinkedIn,2025-11-07T21:55:26.977507
KL University,Medicine,2030,98.0,662964,LinkedIn,2025-11-07T21:55:26.977507
KL University,Law,2025,78.0,601238,Glassdoor,2025-11-07T21:55:26.977507
KL University,Law,2026,89.0,677175,Glassdoor,2025-11-07T21:55:26.977507
KL University,Law,2027,96.0,663058,BLS,2025-11-07T21:55:26.977507
KL University,Law,2028,90.0,696441,LinkedIn,2025-11-07T21:55:26.977507
KL University,Law,2029,98.0,716100,BLS,2025-11-07T21:55:26.977507
KL University,Law,2030,98.0,749332,Glassdoor,2025-11-07T21:55:26.978511
KL University,Arts,2025,78.0,539157,Glassdoor,2025-11-07T21:55:26.978511
KL University,Arts,2026,86.0,697977,Glassdoor,2025-11-07T21:55:26.978511
KL University,Arts,2027,95.0,639154,LinkedIn,2025-11-07T21:55:26.978511
KL University,Arts,2028,97.0,730842,BLS,2025-11-07T21:55:26.978511
KL University,Arts,2029,98.0,791909,LinkedIn,2025-11-07T21:55:26.978511
KL University,Arts,2030,91.0,758816,Glassdoor,2025-11-07T21:55:26.978511
KL University,Psychology,2025,80.0,637878,LinkedIn,2025-11-07T21:55:26.978511
KL University,Psychology,2026,81.0,678744,Glassdoor,2025-11-07T21:55:26.978511
KL University,Psychology,2027,84.0,624646,BLS,2025-11-07T21:55:26.978511
KL University,Psychology,2028,87.0,610955,BLS,2025-11-07T21:55:26.978511
KL University,Psychology,2029,98.0,676655,BLS,2025-11-07T21:55:26.978511
KL University,Psychology,2030,98.0,811259,Glassdoor,2025-11-07T21:55:26.978511
RV College of Engineering,Computer Science,2025,88.0,843975,LinkedIn,2025-11-07T21:55:26.978511
RV College of Engineering,Computer Science,2026,92.0,990350,LinkedIn,2025-11-07T21:55:26.978511
RV College of Engineering,Computer Science,2027,98.0,932596,LinkedIn,2025-11-07T21:55:26.978511
RV College of Engineering,Computer Science,2028,98.0,1129571,BLS,2025-11-07T21:55:26.978511
RV College of Engineering,Computer Science,2029,98.0,1191422,Glassdoor,2025-11-07T21:55:26.978511
RV College of Engineering,Computer Science,2030,98.0,1226243,Glassdoor,2025-11-07T21:55:26.978511
RV College of Engineering,Engineering,2025,98.0,990617,BLS,2025-11-07T21:55:26.978511
RV College of Engineering,Engineering,2026,98.0,1100650,BLS,2025-11-07T21:55:26.978511
RV College of Engineering,Engineering,2027,95.0,1088770,LinkedIn,2025-11-07T21:55:26.978511
RV College of Engineering,Engineering,2028,98.0,1027880,LinkedIn,2025-11-07T21:55:26.978511
RV College of Engineering,Engineering,2029,98.0,1055057,BLS,2025-11-07T21:55:26.978511
RV College of Engineering,Engineering,2030,98.0,1264166,BLS,2025-11-07T21:55:26.978511
RV College of Engineering,Data Science,2025,98.0,626623,Glassdoor,2025-11-07T21:55:26.978511
RV College of Engineering,Data Science,2026,98.0,624773,LinkedIn,2025-11-07T21:55:26.978511
RV College of Engineering,Data Science,2027,92.0,596277,BLS,2025-11-07T21:55:26.978511
RV College of Engineering,Data Science,2028,98.0,608092,BLS,2025-11-07T21:55:26.978511
RV College of Engineering,Data Science,2029,98.0,744065,BLS,2025-11-07T21:55:26.978511
RV College of Engineering,Data Science,2030,98.0,738711,BLS,2025-11-07T21:55:26.978511
RV College of Engineering,Business,2025,86.0,680831,Glassdoor,2025-11-07T21:55:26.978511
RV College of Engineering,Business,2026,93.0,691899,BLS,2025-11-07T21:55:26.978511
RV College of Engineering,Business,2027,86.0,740892,Glassdoor,2025-11-07T21:55:26.978511
RV College of Engineering,Business,2028,96.0,749745,LinkedIn,2025-11-07T21:55:26.978511
RV College of Engineering,Business,2029,97.0,627580,BLS,2025-11-07T21:55:26.978511
RV College of Engineering,Business,2030,98.0,779951,LinkedIn,2025-11-07T21:55:26.978511
RV College of Engineering,Medicine,2025,76.0,566713,LinkedIn,2025-11-07T21:55:26.978511
RV College of Engineering,Medicine,2026,84.0,663111,Glassdoor,2025-11-07T21:55:26.978511
RV College of Engineering,Medicine,2027,93.0,590029,LinkedIn,2025-11-07T21:55:26.978511
RV College of Engineering,Medicine,2028,85.0,650033,Glassdoor,2025-11-07T21:55:26.978511
RV College of Engineering,Medicine,2029,98.0,786084,BLS,2025-11-07T21:55:26.978511
RV College of Engineering,Medicine,2030,95.0,683678,LinkedIn,2025-11-07T21:55:26.978511
RV College of Engineering,Law,2025,82.0,585845,LinkedIn,2025-11-07T21:55:26.978511
RV College of Engineering,Law,2026,87.0,574782,Glassdoor,2025-11-07T21:55:26.978511
RV College of Engineering,Law,2027,89.0,674727,LinkedIn,2025-11-07T21:55:26.978511
RV College of Engineering,Law,2028,93.0,644354,BLS,2025-11-07T21:55:26.978511
RV College of Engineering,Law,2029,96.0,708176,Glassdoor,2025-11-07T21:55:26.978511
RV College of Engineering,Law,2030,98.0,651942,LinkedIn,2025-11-07T21:55:26.978511
RV College of Engineering,Arts,2025,76.0,647527,Glassdoor,2025-11-07T21:55:26.978511
RV College of Engineering,Arts,2026,86.0,580268,BLS,2025-11-07T21:55:26.978511
RV College of Engineering,Arts,2027,90.0,747408,BLS,2025-11-07T21:55:26.978511
RV College of Engineering,Arts,2028,98.0,615519,BLS,2025-11-07T21:55:26.978511
RV College of Engineering,Arts,2029,91.0,752640,Glassdoor,2025-11-07T21:55:26.978511
RV College of Engineering,Arts,2030,93.0,703030,LinkedIn,2025-11-07T21:55:26.978511
RV College of Engineering,Psychology,2025,85.0,548533,Glassdoor,2025-11-07T21:55:26.978511
RV College of Engineering,Psychology,2026,81.0,686111,LinkedIn,2025-11-07T21:55:26.978511
RV College of Engineering,Psychology,2027,88.0,738581,LinkedIn,2025-11-07T21:55:26.978511
RV College of Engineering,Psychology,2028,90.0,730633,Glassdoor,2025-11-07T21:55:26.978511
RV College of Engineering,Psychology,2029,89.0,637495,Glassdoor,2025-11-07T21:55:26.978511
RV College of Engineering,Psychology,2030,98.0,647743,BLS,2025-11-07T21:55:26.978511
GITAM University,Computer Science,2025,98.0,890059,BLS,2025-11-07T21:55:26.978511
GITAM University,Computer Science,2026,98.0,919412,Glassdoor,2025-11-07T21:55:26.978511
GITAM University,Computer Science,2027,98.0,1005875,Glassdoor,2025-11-07T21:55:26.978511
GITAM University,Computer Science,2028,98.0,1256009,BLS,2025-11-07T21:55:26.978511
GITAM University,Computer Science,2029,98.0,1047723,BLS,2025-11-07T21:55:26.978511
GITAM University,Computer Science,2030,98.0,1116961,BLS,2025-11-07T21:55:26.978511
GITAM University,Engineering,2025,88.0,1069282,LinkedIn,2025-11-07T21:55:26.978511
GITAM University,Engineering,2026,98.0,1061914,LinkedIn,2025-11-07T21:55:26.978511
GITAM University,Engineering,2027,98.0,942064,Glassdoor,2025-11-07T21:55:26.978511
GITAM University,Engineering,2028,98.0,1217967,LinkedIn,2025-11-07T21:55:26.978511
GITAM University,Engineering,2029,98.0,1126310,Glassdoor,2025-11-07T21:55:26.979519
GITAM University,Engineering,2030,98.0,1135130,BLS,2025-11-07T21:55:26.979519
GITAM University,Data Science,2025,90.0,673730,Glassdoor,2025-11-07T21:55:26.979519
GITAM University,Data Science,2026,98.0,548587,LinkedIn,2025-11-07T21:55:26.979519
GITAM University,Data Science,2027,93.0,721060,LinkedIn,2025-11-07T21:55:26.979519
GITAM University,Data Science,2028,98.0,660870,LinkedIn,2025-11-07T21:55:26.979519
GITAM University,Data Science,2029,98.0,750267,BLS,2025-11-07T21:55:26.979519
GITAM University,Data Science,2030,98.0,663174,LinkedIn,2025-11-07T21:55:26.979519
GITAM University,Business,2025,86.0,590732,Glassdoor,2025-11-07T21:55:26.979519
GITAM University,Business,2026,88.0,683684,BLS,2025-11-07T21:55:26.979519
GITAM University,Business,2027,96.0,602436,BLS,2025-11-07T21:55:26.979519
GITAM University,Business,2028,89.0,752118,LinkedIn,2025-11-07T21:55:26.979519
GITAM University,Business,2029,95.0,696804,Glassdoor,2025-11-07T21:55:26.979519
GITAM University,Business,2030,98.0,796623,BLS,2025-11-07T21:55:26.979519
GITAM University,Medicine,2025,87.0,632575,LinkedIn,2025-11-07T21:55:26.979519
GITAM University,Medicine,2026,91.0,641655,Glassdoor,2025-11-07T21:55:26.979519
GITAM University,Medicine,2027,91.0,674087,LinkedIn,2025-11-07T21:55:26.979519
GITAM University,Medicine,2028,91.0,689840,Glassdoor,2025-11-07T21:55:26.979519
GITAM University,Medicine,2029,93.0,651994,LinkedIn,2025-11-07T21:55:26.979519
GITAM University,Medicine,2030,98.0,762279,LinkedIn,2025-11-07T21:55:26.979519
GITAM University,Law,2025,78.0,613081,BLS,2025-11-07T21:55:26.979519
GITAM University,Law,2026,89.0,552647,Glassdoor,2025-11-07T21:55:26.979519
GITAM University,Law,2027,93.0,736963,LinkedIn,2025-11-07T21:55:26.979519
GITAM University,Law,2028,98.0,605556,Glassdoor,2025-11-07T21:55:26.979519
GITAM University,Law,2029,98.0,823385,Glassdoor,2025-11-07T21:55:26.979519
GITAM University,Law,2030,92.0,661990,BLS,2025-11-07T21:55:26.979519
GITAM University,Arts,2025,89.0,616833,Glassdoor,2025-11-07T21:55:26.979519
GITAM University,Arts,2026,84.0,585852,Glassdoor,2025-11-07T21:55:26.979519
GITAM University,Arts,2027,89.0,578746,LinkedIn,2025-11-07T21:55:26.979519
GITAM University,Arts,2028,96.0,716771,LinkedIn,2025-11-07T21:55:26.979519
GITAM University,Arts,2029,98.0,824506,Glassdoor,2025-11-07T21:55:26.979519
GITAM University,Arts,2030,98.0,817467,BLS,2025-11-07T21:55:26.979519
GITAM University,Psychology,2025,84.0,649303,Glassdoor,2025-11-07T21:55:26.979519
GITAM University,Psychology,2026,79.0,671806,LinkedIn,2025-11-07T21:55:26.979519
GITAM University,Psychology,2027,94.0,661180,LinkedIn,2025-11-07T21:55:26.979519
GITAM University,Psychology,2028,92.0,730359,Glassdoor,2025-11-07T21:55:26.979519
GITAM University,Psychology,2029,93.0,807453,Glassdoor,2025-11-07T21:55:26.979519
GITAM University,Psychology,2030,98.0,846535,BLS,2025-11-07T21:55:26.979519
Vignan University,Computer Science,2025,98.0,920596,BLS,2025-11-07T21:55:26.979519
Vignan University,Computer Science,2026,97.0,1057438,Glassdoor,2025-11-07T21:55:26.979519
Vignan University,Computer Science,2027,98.0,932948,BLS,2025-11-07T21:55:26.979519
Vignan University,Computer Science,2028,98.0,954174,BLS,2025-11-07T21:55:26.979519
Vignan University,Computer Science,2029,98.0,1102831,LinkedIn,2025-11-07T21:55:26.979519
Vignan University,Computer Science,2030,98.0,1288142,BLS,2025-11-07T21:55:26.979519
Vignan University,Engineering,2025,94.0,958993,LinkedIn,2025-11-07T21:55:26.979519
Vignan University,Engineering,2026,91.0,950907,LinkedIn,2025-11-07T21:55:26.979519
Vignan University,Engineering,2027,97.0,932185,BLS,2025-11-07T21:55:26.979519
Vignan University,Engineering,2028,98.0,1239553,Glassdoor,2025-11-07T21:55:26.979519
Vignan University,Engineering,2029,98.0,1088024,LinkedIn,2025-11-07T21:55:26.979519
Vignan University,Engineering,2030,98.0,1351514,Glassdoor,2025-11-07T21:55:26.979519
Vignan University,Data Science,2025,89.0,553463,LinkedIn,2025-11-07T21:55:26.979519
Vignan University,Data Science,2026,98.0,579921,BLS,2025-11-07T21:55:26.979519
Vignan University,Data Science,2027,92.0,609271,BLS,2025-11-07T21:55:26.979519
Vignan University,Data Science,2028,98.0,772517,Glassdoor,2025-11-07T21:55:26.979519
Vignan University,Data Science,2029,98.0,740758,Glassdoor,2025-11-07T21:55:26.979519
Vignan University,Data Science,2030,98.0,653144,Glassdoor,2025-11-07T21:55:26.979519
Vignan University,Business,2025,90.0,654112,BLS,2025-11-07T21:55:26.979519
Vignan University,Business,2026,92.0,708642,LinkedIn,2025-11-07T21:55:26.979519
Vignan University,Business,2027,88.0,605588,LinkedIn,2025-11-07T21:55:26.979519
Vignan University,Business,2028,89.0,676753,BLS,2025-11-07T21:55:26.979519
Vignan University,Business,2029,97.0,763723,LinkedIn,2025-11-07T21:55:26.979519
Vignan University,Business,2030,98.0,686456,BLS,2025-11-07T21:55:26.979519
Vignan University,Medicine,2025,87.0,633825,BLS,2025-11-07T21:55:26.979519
Vignan University,Medicine,2026,79.0,652150,LinkedIn,2025-11-07T21:55:26.979519
Vignan University,Medicine,2027,89.0,631794,Glassdoor,2025-11-07T21:55:26.979519
Vignan University,Medicine,2028,98.0,680864,BLS,2025-11-07T21:55:26.979519
Vignan University,Medicine,2029,98.0,726954,BLS,2025-11-07T21:55:26.979519
Vignan University,Medicine,2030,98.0,790665,Glassdoor,2025-11-07T21:55:26.979519
Vignan University,Law,2025,76.0,599350,BLS,2025-11-07T21:55:26.979519
Vignan University,Law,2026,83.0,640582,LinkedIn,2025-11-07T21:55:26.980512
Vignan University,Law,2027,88.0,652995,BLS,2025-11-07T21:55:26.980512
Vignan University,Law,2028,96.0,675437,LinkedIn,2025-11-07T21:55:26.980512
Vignan University,Law,2029,98.0,619386,Glassdoor,2025-11-07T21:55:26.980512
Vignan University,Law,2030,98.0,737387,BLS,2025-11-07T21:55:26.980512
Vignan University,Arts,2025,82.0,626147,Glassdoor,2025-11-07T21:55:26.980512
Vignan University,Arts,2026,88.0,628946,Glassdoor,2025-11-07T21:55:26.980512
Vignan University,Arts,2027,93.0,737516,Glassdoor,2025-11-07T21:55:26.980512
Vignan University,Arts,2028,96.0,633323,LinkedIn,2025-11-07T21:55:26.980512
Vignan University,Arts,2029,98.0,771626,Glassdoor,2025-11-07T21:55:26.980512
Vignan University,Arts,2030,98.0,785237,Glassdoor,2025-11-07T21:55:26.980512
Vignan University,Psychology,2025,84.0,577477,Glassdoor,2025-11-07T21:55:26.980512
Vignan University,Psychology,2026,81.0,667209,Glassdoor,2025-11-07T21:55:26.980512
Vignan University,Psychology,2027,94.0,614485,Glassdoor,2025-11-07T21:55:26.980512
Vignan University,Psychology,2028,98.0,716173,LinkedIn,2025-11-07T21:55:26.980512
Vignan University,Psychology,2029,93.0,637289,LinkedIn,2025-11-07T21:55:26.980512
Vignan University,Psychology,2030,95.0,690947,Glassdoor,2025-11-07T21:55:26.980512
BITS Pilani,Computer Science,2025,92.0,1147713,LinkedIn,2025-11-07T21:55:26.980512
BITS Pilani,Computer Science,2026,98.0,1343864,LinkedIn,2025-11-07T21:55:26.980512
BITS Pilani,Computer Science,2027,98.0,1628780,Glassdoor,2025-11-07T21:55:26.980512
BITS Pilani,Computer Science,2028,98.0,1511020,Glassdoor,2025-11-07T21:55:26.980512
BITS Pilani,Computer Science,2029,98.0,1419271,Glassdoor,2025-11-07T21:55:26.980512
BITS Pilani,Computer Science,2030,98.0,1527437,LinkedIn,2025-11-07T21:55:26.980512
BITS Pilani,Engineering,2025,98.0,1266988,LinkedIn,2025-11-07T21:55:26.980512
BITS Pilani,Engineering,2026,98.0,1555254,LinkedIn,2025-11-07T21:55:26.980512
BITS Pilani,Engineering,2027,98.0,1563246,Glassdoor,2025-11-07T21:55:26.980512
BITS Pilani,Engineering,2028,98.0,1538178,BLS,2025-11-07T21:55:26.980512
BITS Pilani,Engineering,2029,98.0,1563876,Glassdoor,2025-11-07T21:55:26.980512
BITS Pilani,Engineering,2030,98.0,1711992,Glassdoor,2025-11-07T21:55:26.980512
BITS Pilani,Data Science,2025,92.0,835183,BLS,2025-11-07T21:55:26.980512
BITS Pilani,Data Science,2026,98.0,942899,Glassdoor,2025-11-07T21:55:26.980512
BITS Pilani,Data Science,2027,98.0,998095,Glassdoor,2025-11-07T21:55:26.980512
BITS Pilani,Data Science,2028,98.0,905616,BLS,2025-11-07T21:55:26.980512
BITS Pilani,Data Science,2029,98.0,995013,Glassdoor,2025-11-07T21:55:26.980512
BITS Pilani,Data Science,2030,98.0,1164008,Glassdoor,2025-11-07T21:55:26.980512
BITS Pilani,Business,2025,89.0,804461,BLS,2025-11-07T21:55:26.980512
BITS Pilani,Business,2026,93.0,756935,Glassdoor,2025-11-07T21:55:26.980512
BITS Pilani,Business,2027,95.0,853327,BLS,2025-11-07T21:55:26.980512
BITS Pilani,Business,2028,95.0,967867,LinkedIn,2025-11-07T21:55:26.980512
BITS Pilani,Business,2029,98.0,1101715,Glassdoor,2025-11-07T21:55:26.980512
BITS Pilani,Business,2030,98.0,1119734,LinkedIn,2025-11-07T21:55:26.980512
BITS Pilani,Medicine,2025,94.0,940053,BLS,2025-11-07T21:55:26.980512
BITS Pilani,Medicine,2026,87.0,770302,BLS,2025-11-07T21:55:26.980512
BITS Pilani,Medicine,2027,96.0,1012931,Glassdoor,2025-11-07T21:55:26.980512
BITS Pilani,Medicine,2028,92.0,1049571,LinkedIn,2025-11-07T21:55:26.980512
BITS Pilani,Medicine,2029,98.0,901670,LinkedIn,2025-11-07T21:55:26.980512
BITS Pilani,Medicine,2030,98.0,1109445,Glassdoor,2025-11-07T21:55:26.980512
BITS Pilani,Law,2025,91.0,921680,LinkedIn,2025-11-07T21:55:26.980512
BITS Pilani,Law,2026,98.0,892629,LinkedIn,2025-11-07T21:55:26.980512
BITS Pilani,Law,2027,92.0,962249,Glassdoor,2025-11-07T21:55:26.980512
BITS Pilani,Law,2028,90.0,857889,BLS,2025-11-07T21:55:26.980512
BITS Pilani,Law,2029,97.0,1092754,LinkedIn,2025-11-07T21:55:26.980512
BITS Pilani,Law,2030,98.0,960010,BLS,2025-11-07T21:55:26.980512
BITS Pilani,Arts,2025,90.0,761024,BLS,2025-11-07T21:55:26.980512
BITS Pilani,Arts,2026,91.0,807071,Glassdoor,2025-11-07T21:55:26.980512
BITS Pilani,Arts,2027,96.0,1027673,BLS,2025-11-07T21:55:26.980512
BITS Pilani,Arts,2028,98.0,1049267,LinkedIn,2025-11-07T21:55:26.980512
BITS Pilani,Arts,2029,98.0,1006262,BLS,2025-11-07T21:55:26.980512
BITS Pilani,Arts,2030,98.0,968507,BLS,2025-11-07T21:55:26.980512
BITS Pilani,Psychology,2025,82.0,768198,LinkedIn,2025-11-07T21:55:26.980512
BITS Pilani,Psychology,2026,86.0,961671,LinkedIn,2025-11-07T21:55:26.980512
BITS Pilani,Psychology,2027,91.0,792642,BLS,2025-11-07T21:55:26.980512
BITS Pilani,Psychology,2028,90.0,971937,BLS,2025-11-07T21:55:26.980512
BITS Pilani,Psychology,2029,96.0,1050695,Glassdoor,2025-11-07T21:55:26.980512
BITS Pilani,Psychology,2030,98.0,1141227,BLS,2025-11-07T21:55:26.980512
IIT Delhi,Computer Science,2025,98.0,1489655,LinkedIn,2025-11-07T21:55:26.980512
IIT Delhi,Computer Science,2026,98.0,1280926,LinkedIn,2025-11-07T21:55:26.980512
IIT Delhi,Computer Science,2027,98.0,1643643,Glassdoor,2025-11-07T21:55:26.980512
IIT Delhi,Computer Science,2028,98.0,1364488,Glassdoor,2025-11-07T21:55:26.980512
IIT Delhi,Computer Science,2029,98.0,1603273,Glassdoor,2025-11-07T21:55:26.980512
IIT Delhi,Computer Science,2030,98.0,1861116,Glassdoor,2025-11-07T21:55:26.980512
IIT Delhi,Engineering,2025,95.0,1271315,LinkedIn,2025-11-07T21:55:26.980512
IIT Delhi,Engineering,2026,95.0,1480767,BLS,2025-11-07T21:55:26.980512
IIT Delhi,Engineering,2027,98.0,1264412,Glassdoor,2025-11-07T21:55:26.980512
IIT Delhi,Engineering,2028,98.0,1315310,BLS,2025-11-07T21:55:26.980512
IIT Delhi,Engineering,2029,98.0,1556905,LinkedIn,2025-11-07T21:55:26.980512
IIT Delhi,Engineering,2030,98.0,1780423,LinkedIn,2025-11-07T21:55:26.980512
IIT Delhi,Data Science,2025,98.0,830591,LinkedIn,2025-11-07T21:55:26.981505
IIT Delhi,Data Science,2026,96.0,948394,Glassdoor,2025-11-07T21:55:26.981505
IIT Delhi,Data Science,2027,98.0,1003673,BLS,2025-11-07T21:55:26.981505
IIT Delhi,Data Science,2028,98.0,1025832,Glassdoor,2025-11-07T21:55:26.981505
IIT Delhi,Data Science,2029,98.0,925873,Glassdoor,2025-11-07T21:55:26.981505
IIT Delhi,Data Science,2030,98.0,1016832,BLS,2025-11-07T21:55:26.981505
IIT Delhi,Business,2025,82.0,942344,Glassdoor,2025-11-07T21:55:26.981505
IIT Delhi,Business,2026,84.0,767417,Glassdoor,2025-11-07T21:55:26.981505
IIT Delhi,Business,2027,95.0,998055,Glassdoor,2025-11-07T21:55:26.981505
IIT Delhi,Business,2028,94.0,1062649,BLS,2025-11-07T21:55:26.981505
IIT Delhi,Business,2029,98.0,953024,Glassdoor,2025-11-07T21:55:26.981505
IIT Delhi,Business,2030,98.0,960643,BLS,2025-11-07T21:55:26.981505
IIT Delhi,Medicine,2025,82.0,726762,LinkedIn,2025-11-07T21:55:26.981505
IIT Delhi,Medicine,2026,89.0,836260,LinkedIn,2025-11-07T21:55:26.981505
IIT Delhi,Medicine,2027,89.0,983871,LinkedIn,2025-11-07T21:55:26.981505
IIT Delhi,Medicine,2028,98.0,999465,BLS,2025-11-07T21:55:26.981505
IIT Delhi,Medicine,2029,98.0,927485,BLS,2025-11-07T21:55:26.981505
IIT Delhi,Medicine,2030,98.0,1116650,BLS,2025-11-07T21:55:26.981505
IIT Delhi,Law,2025,84.0,897501,Glassdoor,2025-11-07T21:55:26.981505
IIT Delhi,Law,2026,84.0,849251,LinkedIn,2025-11-07T21:55:26.981505
IIT Delhi,Law,2027,98.0,827410,BLS,2025-11-07T21:55:26.981505
IIT Delhi,Law,2028,90.0,924014,BLS,2025-11-07T21:55:26.981505
IIT Delhi,Law,2029,98.0,1016107,BLS,2025-11-07T21:55:26.981505
IIT Delhi,Law,2030,98.0,906597,LinkedIn,2025-11-07T21:55:26.981505
IIT Delhi,Arts,2025,95.0,831175,LinkedIn,2025-11-07T21:55:26.981505
IIT Delhi,Arts,2026,96.0,957343,LinkedIn,2025-11-07T21:55:26.981505
IIT Delhi,Arts,2027,97.0,942047,Glassdoor,2025-11-07T21:55:26.981505
IIT Delhi,Arts,2028,98.0,1067239,Glassdoor,2025-11-07T21:55:26.981505
IIT Delhi,Arts,2029,98.0,998858,LinkedIn,2025-11-07T21:55:26.981505
IIT Delhi,Arts,2030,98.0,1031723,LinkedIn,2025-11-07T21:55:26.981505
IIT Delhi,Psychology,2025,85.0,754703,BLS,2025-11-07T21:55:26.981505
IIT Delhi,Psychology,2026,88.0,793454,BLS,2025-11-07T21:55:26.981505
IIT Delhi,Psychology,2027,96.0,949355,LinkedIn,2025-11-07T21:55:26.981505
IIT Delhi,Psychology,2028,94.0,1024007,LinkedIn,2025-11-07T21:55:26.981505
IIT Delhi,Psychology,2029,98.0,1026945,LinkedIn,2025-11-07T21:55:26.981505
IIT Delhi,Psychology,2030,98.0,1002586,LinkedIn,2025-11-07T21:55:26.981505
IIT Bombay,Computer Science,2025,98.0,1436890,BLS,2025-11-07T21:55:26.981505
IIT Bombay,Computer Science,2026,96.0,1336174,BLS,2025-11-07T21:55:26.981505
IIT Bombay,Computer Science,2027,98.0,1482306,Glassdoor,2025-11-07T21:55:26.981505
IIT Bombay,Computer Science,2028,98.0,1521717,Glassdoor,2025-11-07T21:55:26.981505
IIT Bombay,Computer Science,2029,98.0,1769204,LinkedIn,2025-11-07T21:55:26.981505
IIT Bombay,Computer Science,2030,98.0,1795344,Glassdoor,2025-11-07T21:55:26.981505
IIT Bombay,Engineering,2025,93.0,1268682,Glassdoor,2025-11-07T21:55:26.981505
IIT Bombay,Engineering,2026,98.0,1343053,Glassdoor,2025-11-07T21:55:26.981505
IIT Bombay,Engineering,2027,98.0,1335995,LinkedIn,2025-11-07T21:55:26.981505
IIT Bombay,Engineering,2028,98.0,1464817,LinkedIn,2025-11-07T21:55:26.981505
IIT Bombay,Engineering,2029,98.0,1391805,Glassdoor,2025-11-07T21:55:26.981505
IIT Bombay,Engineering,2030,98.0,1722283,LinkedIn,2025-11-07T21:55:26.981505
IIT Bombay,Data Science,2025,93.0,925082,BLS,2025-11-07T21:55:26.981505
IIT Bombay,Data Science,2026,98.0,867718,LinkedIn,2025-11-07T21:55:26.981505
IIT Bombay,Data Science,2027,98.0,942330,Glassdoor,2025-11-07T21:55:26.981505
IIT Bombay,Data Science,2028,98.0,1028579,Glassdoor,2025-11-07T21:55:26.981505
IIT Bombay,Data Science,2029,98.0,861808,LinkedIn,2025-11-07T21:55:26.981505
IIT Bombay,Data Science,2030,98.0,934471,LinkedIn,2025-11-07T21:55:26.981505
IIT Bombay,Business,2025,93.0,923758,LinkedIn,2025-11-07T21:55:26.981505
IIT Bombay,Business,2026,94.0,845017,BLS,2025-11-07T21:55:26.981505
IIT Bombay,Business,2027,89.0,824924,BLS,2025-11-07T21:55:26.981505
IIT Bombay,Business,2028,92.0,867090,LinkedIn,2025-11-07T21:55:26.981505
IIT Bombay,Business,2029,98.0,869314,BLS,2025-11-07T21:55:26.981505
IIT Bombay,Business,2030,98.0,990612,LinkedIn,2025-11-07T21:55:26.981505
IIT Bombay,Medicine,2025,84.0,777635,BLS,2025-11-07T21:55:26.984990
IIT Bombay,Medicine,2026,89.0,870619,BLS,2025-11-07T21:55:26.984990
IIT Bombay,Medicine,2027,97.0,800563,Glassdoor,2025-11-07T21:55:26.984990
IIT Bombay,Medicine,2028,98.0,813581,LinkedIn,2025-11-07T21:55:26.985989
IIT Bombay,Medicine,2029,98.0,1048518,Glassdoor,2025-11-07T21:55:26.985989
IIT Bombay,Medicine,2030,98.0,923793,BLS,2025-11-07T21:55:26.985989
IIT Bombay,Law,2025,95.0,729112,LinkedIn,2025-11-07T21:55:26.985989
IIT Bombay,Law,2026,85.0,962345,BLS,2025-11-07T21:55:26.985989
IIT Bombay,Law,2027,91.0,987834,BLS,2025-11-07T21:55:26.985989
IIT Bombay,Law,2028,98.0,960703,BLS,2025-11-07T21:55:26.985989
IIT Bombay,Law,2029,98.0,960932,Glassdoor,2025-11-07T21:55:26.985989
IIT Bombay,Law,2030,98.0,953201,BLS,2025-11-07T21:55:26.985989
IIT Bombay,Arts,2025,92.0,862226,LinkedIn,2025-11-07T21:55:26.985989
IIT Bombay,Arts,2026,94.0,753773,Glassdoor,2025-11-07T21:55:26.985989
IIT Bombay,Arts,2027,94.0,864427,LinkedIn,2025-11-07T21:55:26.985989
IIT Bombay,Arts,2028,97.0,842039,LinkedIn,2025-11-07T21:55:26.985989
IIT Bombay,Arts,2029,98.0,1030163,BLS,2025-11-07T21:55:26.985989
IIT Bombay,Arts,2030,98.0,944582,LinkedIn,2025-11-07T21:55:26.985989
IIT Bombay,Psychology,2025,93.0,768283,Glassdoor,2025-11-07T21:55:26.985989
IIT Bombay,Psychology,2026,95.0,750962,BLS,2025-11-07T21:55:26.985989
IIT Bombay,Psychology,2027,96.0,786361,BLS,2025-11-07T21:55:26.985989
IIT Bombay,Psychology,2028,98.0,979594,Glassdoor,2025-11-07T21:55:26.985989
IIT Bombay,Psychology,2029,98.0,857061,BLS,2025-11-07T21:55:26.985989
IIT Bombay,Psychology,2030,98.0,1110449,BLS,2025-11-07T21:55:26.985989
IIT Madras,Computer Science,2025,93.0,1469053,Glassdoor,2025-11-07T21:55:26.985989
IIT Madras,Computer Science,2026,98.0,1296739,LinkedIn,2025-11-07T21:55:26.985989
IIT Madras,Computer Science,2027,98.0,1417345,Glassdoor,2025-11-07T21:55:26.985989
IIT Madras,Computer Science,2028,98.0,1553200,LinkedIn,2025-11-07T21:55:26.985989
IIT Madras,Computer Science,2029,98.0,1426045,LinkedIn,2025-11-07T21:55:26.985989
IIT Madras,Computer Science,2030,98.0,1848781,LinkedIn,2025-11-07T21:55:26.985989
IIT Madras,Engineering,2025,96.0,1297214,Glassdoor,2025-11-07T21:55:26.985989
IIT Madras,Engineering,2026,96.0,1527280,BLS,2025-11-07T21:55:26.985989
IIT Madras,Engineering,2027,98.0,1451121,Glassdoor,2025-11-07T21:55:26.985989
IIT Madras,Engineering,2028,98.0,1345570,Glassdoor,2025-11-07T21:55:26.985989
IIT Madras,Engineering,2029,98.0,1567141,BLS,2025-11-07T21:55:26.985989
IIT Madras,Engineering,2030,98.0,1756365,BLS,2025-11-07T21:55:26.985989
IIT Madras,Data Science,2025,98.0,877682,Glassdoor,2025-11-07T21:55:26.985989
IIT Madras,Data Science,2026,98.0,925511,Glassdoor,2025-11-07T21:55:26.985989
IIT Madras,Data Science,2027,98.0,940924,Glassdoor,2025-11-07T21:55:26.985989
IIT Madras,Data Science,2028,98.0,817325,LinkedIn,2025-11-07T21:55:26.985989
IIT Madras,Data Science,2029,98.0,981112,Glassdoor,2025-11-07T21:55:26.985989
IIT Madras,Data Science,2030,98.0,1014171,BLS,2025-11-07T21:55:26.985989
IIT Madras,Business,2025,87.0,847638,LinkedIn,2025-11-07T21:55:26.985989
IIT Madras,Business,2026,98.0,880444,Glassdoor,2025-11-07T21:55:26.985989
IIT Madras,Business,2027,88.0,1021117,Glassdoor,2025-11-07T21:55:26.985989
IIT Madras,Business,2028,98.0,1079686,Glassdoor,2025-11-07T21:55:26.985989
IIT Madras,Business,2029,98.0,1030495,BLS,2025-11-07T21:55:26.985989
IIT Madras,Business,2030,98.0,929225,Glassdoor,2025-11-07T21:55:26.985989
IIT Madras,Medicine,2025,91.0,713737,LinkedIn,2025-11-07T21:55:26.985989
IIT Madras,Medicine,2026,98.0,826307,BLS,2025-11-07T21:55:26.985989
IIT Madras,Medicine,2027,90.0,1022616,Glassdoor,2025-11-07T21:55:26.985989
IIT Madras,Medicine,2028,95.0,834723,Glassdoor,2025-11-07T21:55:26.985989
IIT Madras,Medicine,2029,93.0,970506,BLS,2025-11-07T21:55:26.985989
IIT Madras,Medicine,2030,98.0,1015425,BLS,2025-11-07T21:55:26.985989
IIT Madras,Law,2025,96.0,732280,LinkedIn,2025-11-07T21:55:26.985989
IIT Madras,Law,2026,84.0,782051,BLS,2025-11-07T21:55:26.985989
IIT Madras,Law,2027,89.0,1002039,BLS,2025-11-07T21:55:26.985989
IIT Madras,Law,2028,96.0,908920,Glassdoor,2025-11-07T21:55:26.985989
IIT Madras,Law,2029,95.0,1034576,Glassdoor,2025-11-07T21:55:26.985989
IIT Madras,Law,2030,98.0,1049166,LinkedIn,2025-11-07T21:55:26.985989
IIT Madras,Arts,2025,89.0,778495,Glassdoor,2025-11-07T21:55:26.985989
IIT Madras,Arts,2026,90.0,987828,BLS,2025-11-07T21:55:26.985989
IIT Madras,Arts,2027,98.0,1025040,LinkedIn,2025-11-07T21:55:26.985989
IIT Madras,Arts,2028,95.0,1005496,LinkedIn,2025-11-07T21:55:26.985989
IIT Madras,Arts,2029,98.0,1060480,Glassdoor,2025-11-07T21:55:26.985989
IIT Madras,Arts,2030,96.0,1166226,LinkedIn,2025-11-07T21:55:26.985989
IIT Madras,Psychology,2025,81.0,831765,Glassdoor,2025-11-07T21:55:26.985989
IIT Madras,Psychology,2026,94.0,876900,BLS,2025-11-07T21:55:26.985989
IIT Madras,Psychology,2027,92.0,871408,Glassdoor,2025-11-07T21:55:26.985989
IIT Madras,Psychology,2028,98.0,911205,LinkedIn,2025-11-07T21:55:26.985989
IIT Madras,Psychology,2029,98.0,989249,LinkedIn,2025-11-07T21:55:26.985989
IIT Madras,Psychology,2030,98.0,954275,LinkedIn,2025-11-07T21:55:26.985989
IIT Kanpur,Computer Science,2025,98.0,1312845,BLS,2025-11-07T21:55:26.986987
IIT Kanpur,Computer Science,2026,98.0,1499673,Glassdoor,2025-11-07T21:55:26.986987
IIT Kanpur,Computer Science,2027,98.0,1361894,LinkedIn,2025-11-07T21:55:26.986987
IIT Kanpur,Computer Science,2028,98.0,1354893,BLS,2025-11-07T21:55:26.986987
IIT Kanpur,Computer Science,2029,98.0,1546879,Glassdoor,2025-11-07T21:55:26.986987
IIT Kanpur,Computer Science,2030,98.0,1466329,LinkedIn,2025-11-07T21:55:26.986987
IIT Kanpur,Engineering,2025,96.0,1405100,Glassdoor,2025-11-07T21:55:26.986987
IIT Kanpur,Engineering,2026,96.0,1475386,Glassdoor,2025-11-07T21:55:26.986987
IIT Kanpur,Engineering,2027,97.0,1645575,LinkedIn,2025-11-07T21:55:26.986987
IIT Kanpur,Engineering,2028,98.0,1557272,LinkedIn,2025-11-07T21:55:26.986987
IIT Kanpur,Engineering,2029,98.0,1575230,LinkedIn,2025-11-07T21:55:26.986987
IIT Kanpur,Engineering,2030,98.0,1642636,LinkedIn,2025-11-07T21:55:26.986987
IIT Kanpur,Data Science,2025,98.0,710848,LinkedIn,2025-11-07T21:55:26.986987
IIT Kanpur,Data Science,2026,94.0,832305,LinkedIn,2025-11-07T21:55:26.986987
IIT Kanpur,Data Science,2027,98.0,876015,LinkedIn,2025-11-07T21:55:26.986987
IIT Kanpur,Data Science,2028,98.0,810204,Glassdoor,2025-11-07T21:55:26.986987
IIT Kanpur,Data Science,2029,98.0,1013579,Glassdoor,2025-11-07T21:55:26.986987
IIT Kanpur,Data Science,2030,98.0,882388,BLS,2025-11-07T21:55:26.986987
IIT Kanpur,Business,2025,91.0,800856,Glassdoor,2025-11-07T21:55:26.986987
IIT Kanpur,Business,2026,98.0,877643,Glassdoor,2025-11-07T21:55:26.986987
IIT Kanpur,Business,2027,98.0,974896,BLS,2025-11-07T21:55:26.986987
IIT Kanpur,Business,2028,98.0,830200,LinkedIn,2025-11-07T21:55:26.986987
IIT Kanpur,Business,2029,98.0,1091583,Glassdoor,2025-11-07T21:55:26.986987
IIT Kanpur,Business,2030,98.0,1150801,LinkedIn,2025-11-07T21:55:26.986987
IIT Kanpur,Medicine,2025,96.0,935786,Glassdoor,2025-11-07T21:55:26.986987
IIT Kanpur,Medicine,2026,85.0,743058,Glassdoor,2025-11-07T21:55:26.986987
IIT Kanpur,Medicine,2027,90.0,806300,Glassdoor,2025-11-07T21:55:26.986987
IIT Kanpur,Medicine,2028,93.0,810666,BLS,2025-11-07T21:55:26.986987
IIT Kanpur,Medicine,2029,94.0,1106809,BLS,2025-11-07T21:55:26.986987
IIT Kanpur,Medicine,2030,98.0,1015995,BLS,2025-11-07T21:55:26.986987
IIT Kanpur,Law,2025,95.0,927350,Glassdoor,2025-11-07T21:55:26.986987
IIT Kanpur,Law,2026,95.0,780129,LinkedIn,2025-11-07T21:55:26.986987
IIT Kanpur,Law,2027,93.0,788176,BLS,2025-11-07T21:55:26.986987
IIT Kanpur,Law,2028,98.0,1044021,LinkedIn,2025-11-07T21:55:26.986987
IIT Kanpur,Law,2029,98.0,1102249,LinkedIn,2025-11-07T21:55:26.986987
IIT Kanpur,Law,2030,98.0,887429,Glassdoor,2025-11-07T21:55:26.986987
IIT Kanpur,Arts,2025,88.0,872572,BLS,2025-11-07T21:55:26.986987
IIT Kanpur,Arts,2026,93.0,870904,LinkedIn,2025-11-07T21:55:26.986987
IIT Kanpur,Arts,2027,92.0,790128,Glassdoor,2025-11-07T21:55:26.986987
IIT Kanpur,Arts,2028,96.0,987910,LinkedIn,2025-11-07T21:55:26.986987
IIT Kanpur,Arts,2029,96.0,867092,LinkedIn,2025-11-07T21:55:26.986987
IIT Kanpur,Arts,2030,98.0,1009591,Glassdoor,2025-11-07T21:55:26.986987
IIT Kanpur,Psychology,2025,84.0,787847,BLS,2025-11-07T21:55:26.986987
IIT Kanpur,Psychology,2026,89.0,808457,LinkedIn,2025-11-07T21:55:26.986987
IIT Kanpur,Psychology,2027,89.0,1034037,Glassdoor,2025-11-07T21:55:26.986987
IIT Kanpur,Psychology,2028,94.0,909790,Glassdoor,2025-11-07T21:55:26.986987
IIT Kanpur,Psychology,2029,95.0,1023514,LinkedIn,2025-11-07T21:55:26.986987
IIT Kanpur,Psychology,2030,98.0,1104895,BLS,2025-11-07T21:55:26.986987
Anna University,Computer Science,2025,98.0,1176376,LinkedIn,2025-11-07T21:55:26.986987
Anna University,Computer Science,2026,98.0,1313146,LinkedIn,2025-11-07T21:55:26.986987
Anna University,Computer Science,2027,98.0,1361266,LinkedIn,2025-11-07T21:55:26.986987
Anna University,Computer Science,2028,98.0,1208622,Glassdoor,2025-11-07T21:55:26.986987
Anna University,Computer Science,2029,98.0,1439020,LinkedIn,2025-11-07T21:55:26.987996
Anna University,Computer Science,2030,98.0,1448687,LinkedIn,2025-11-07T21:55:26.987996
Anna University,Engineering,2025,98.0,1174019,LinkedIn,2025-11-07T21:55:26.987996
Anna University,Engineering,2026,95.0,1293302,LinkedIn,2025-11-07T21:55:26.987996
Anna University,Engineering,2027,98.0,1134699,Glassdoor,2025-11-07T21:55:26.987996
Anna University,Engineering,2028,98.0,1385173,BLS,2025-11-07T21:55:26.987996
Anna University,Engineering,2029,98.0,1289457,LinkedIn,2025-11-07T21:55:26.987996
Anna University,Engineering,2030,98.0,1433156,LinkedIn,2025-11-07T21:55:26.987996
Anna University,Data Science,2025,98.0,680471,BLS,2025-11-07T21:55:26.987996
Anna University,Data Science,2026,98.0,756025,Glassdoor,2025-11-07T21:55:26.987996
Anna University,Data Science,2027,98.0,707092,Glassdoor,2025-11-07T21:55:26.987996
Anna University,Data Science,2028,98.0,863162,BLS,2025-11-07T21:55:26.987996
Anna University,Data Science,2029,98.0,765862,BLS,2025-11-07T21:55:26.987996
Anna University,Data Science,2030,98.0,924713,BLS,2025-11-07T21:55:26.987996
Anna University,Business,2025,82.0,645902,LinkedIn,2025-11-07T21:55:26.987996
Anna University,Business,2026,96.0,753390,BLS,2025-11-07T21:55:26.987996
Anna University,Business,2027,85.0,702660,LinkedIn,2025-11-07T21:55:26.987996
Anna University,Business,2028,98.0,818011,Glassdoor,2025-11-07T21:55:26.987996
Anna University,Business,2029,96.0,749020,BLS,2025-11-07T21:55:26.987996
Anna University,Business,2030,98.0,990154,BLS,2025-11-07T21:55:26.987996
Anna University,Medicine,2025,81.0,692569,LinkedIn,2025-11-07T21:55:26.987996
Anna University,Medicine,2026,91.0,793559,Glassdoor,2025-11-07T21:55:26.987996
Anna University,Medicine,2027,91.0,796440,BLS,2025-11-07T21:55:26.987996
Anna University,Medicine,2028,97.0,874684,LinkedIn,2025-11-07T21:55:26.987996
Anna University,Medicine,2029,98.0,802829,BLS,2025-11-07T21:55:26.987996
Anna University,Medicine,2030,94.0,785072,Glassdoor,2025-11-07T21:55:26.987996
Anna University,Law,2025,86.0,673975,Glassdoor,2025-11-07T21:55:26.987996
Anna University,Law,2026,91.0,678819,BLS,2025-11-07T21:55:26.987996
Anna University,Law,2027,96.0,831993,Glassdoor,2025-11-07T21:55:26.987996
Anna University,Law,2028,87.0,914553,LinkedIn,2025-11-07T21:55:26.987996
Anna University,Law,2029,98.0,808718,BLS,2025-11-07T21:55:26.987996
Anna University,Law,2030,98.0,923443,Glassdoor,2025-11-07T21:55:26.987996
Anna University,Arts,2025,87.0,639928,Glassdoor,2025-11-07T21:55:26.987996
Anna University,Arts,2026,92.0,796957,BLS,2025-11-07T21:55:26.987996
Anna University,Arts,2027,85.0,734132,Glassdoor,2025-11-07T21:55:26.987996
Anna University,Arts,2028,95.0,824586,LinkedIn,2025-11-07T21:55:26.987996
Anna University,Arts,2029,98.0,771136,Glassdoor,2025-11-07T21:55:26.987996
Anna University,Arts,2030,95.0,816015,Glassdoor,2025-11-07T21:55:26.987996
Anna University,Psychology,2025,80.0,817680,LinkedIn,2025-11-07T21:55:26.987996
Anna University,Psychology,2026,96.0,668528,LinkedIn,2025-11-07T21:55:26.987996
Anna University,Psychology,2027,97.0,819659,Glassdoor,2025-11-07T21:55:26.987996
Anna University,Psychology,2028,98.0,924140,BLS,2025-11-07T21:55:26.987996
Anna University,Psychology,2029,98.0,785547,LinkedIn,2025-11-07T21:55:26.987996
Anna University,Psychology,2030,96.0,917511,LinkedIn,2025-11-07T21:55:26.987996
JNTU Hyderabad,Computer Science,2025,84.0,938707,LinkedIn,2025-11-07T21:55:26.987996
JNTU Hyderabad,Computer Science,2026,93.0,826986,LinkedIn,2025-11-07T21:55:26.987996
JNTU Hyderabad,Computer Science,2027,97.0,1064606,BLS,2025-11-07T21:55:26.987996
JNTU Hyderabad,Computer Science,2028,98.0,880846,Glassdoor,2025-11-07T21:55:26.987996
JNTU Hyderabad,Computer Science,2029,98.0,1167769,LinkedIn,2025-11-07T21:55:26.987996
JNTU Hyderabad,Computer Science,2030,98.0,936719,BLS,2025-11-07T21:55:26.987996
JNTU Hyderabad,Engineering,2025,96.0,828698,Glassdoor,2025-11-07T21:55:26.987996
JNTU Hyderabad,Engineering,2026,88.0,933025,LinkedIn,2025-11-07T21:55:26.987996
JNTU Hyderabad,Engineering,2027,95.0,1066418,BLS,2025-11-07T21:55:26.987996
JNTU Hyderabad,Engineering,2028,98.0,979175,LinkedIn,2025-11-07T21:55:26.987996
JNTU Hyderabad,Engineering,2029,98.0,913626,BLS,2025-11-07T21:55:26.987996
JNTU Hyderabad,Engineering,2030,98.0,1183505,BLS,2025-11-07T21:55:26.987996
JNTU Hyderabad,Data Science,2025,96.0,607833,LinkedIn,2025-11-07T21:55:26.987996
JNTU Hyderabad,Data Science,2026,86.0,635728,BLS,2025-11-07T21:55:26.987996
JNTU Hyderabad,Data Science,2027,98.0,556269,BLS,2025-11-07T21:55:26.987996
JNTU Hyderabad,Data Science,2028,98.0,653135,Glassdoor,2025-11-07T21:55:26.987996
JNTU Hyderabad,Data Science,2029,98.0,708196,BLS,2025-11-07T21:55:26.987996
JNTU Hyderabad,Data Science,2030,98.0,771805,Glassdoor,2025-11-07T21:55:26.987996
JNTU Hyderabad,Business,2025,75.0,607962,BLS,2025-11-07T21:55:26.987996
JNTU Hyderabad,Business,2026,78.0,502756,BLS,2025-11-07T21:55:26.987996
JNTU Hyderabad,Business,2027,79.0,590581,BLS,2025-11-07T21:55:26.987996
JNTU Hyderabad,Business,2028,95.0,697490,BLS,2025-11-07T21:55:26.987996
JNTU Hyderabad,Business,2029,94.0,619799,BLS,2025-11-07T21:55:26.987996
JNTU Hyderabad,Business,2030,95.0,766237,BLS,2025-11-07T21:55:26.987996
JNTU Hyderabad,Medicine,2025,74.0,477562,LinkedIn,2025-11-07T21:55:26.987996
JNTU Hyderabad,Medicine,2026,84.0,600335,LinkedIn,2025-11-07T21:55:26.987996
JNTU Hyderabad,Medicine,2027,90.0,625227,LinkedIn,2025-11-07T21:55:26.987996
JNTU Hyderabad,Medicine,2028,87.0,570029,Glassdoor,2025-11-07T21:55:26.987996
JNTU Hyderabad,Medicine,2029,86.0,572809,BLS,2025-11-07T21:55:26.987996
JNTU Hyderabad,Medicine,2030,91.0,758820,Glassdoor,2025-11-07T21:55:26.987996
JNTU Hyderabad,Law,2025,76.0,503659,BLS,2025-11-07T21:55:26.987996
JNTU Hyderabad,Law,2026,76.0,642331,Glassdoor,2025-11-07T21:55:26.988990
JNTU Hyderabad,Law,2027,87.0,519913,Glassdoor,2025-11-07T21:55:26.988990
JNTU Hyderabad,Law,2028,86.0,678468,LinkedIn,2025-11-07T21:55:26.988990
JNTU Hyderabad,Law,2029,98.0,630879,Glassdoor,2025-11-07T21:55:26.988990
JNTU Hyderabad,Law,2030,98.0,729007,BLS,2025-11-07T21:55:26.988990
JNTU Hyderabad,Arts,2025,81.0,479086,LinkedIn,2025-11-07T21:55:26.988990
JNTU Hyderabad,Arts,2026,76.0,635230,LinkedIn,2025-11-07T21:55:26.988990
JNTU Hyderabad,Arts,2027,90.0,592134,BLS,2025-11-07T21:55:26.988990
JNTU Hyderabad,Arts,2028,85.0,554172,BLS,2025-11-07T21:55:26.988990
JNTU Hyderabad,Arts,2029,98.0,606230,LinkedIn,2025-11-07T21:55:26.988990
JNTU Hyderabad,Arts,2030,98.0,587463,BLS,2025-11-07T21:55:26.988990
JNTU Hyderabad,Psychology,2025,78.0,587112,LinkedIn,2025-11-07T21:55:26.988990
JNTU Hyderabad,Psychology,2026,79.0,563375,BLS,2025-11-07T21:55:26.988990
JNTU Hyderabad,Psychology,2027,85.0,560793,BLS,2025-11-07T21:55:26.988990
JNTU Hyderabad,Psychology,2028,97.0,694465,LinkedIn,2025-11-07T21:55:26.988990
JNTU Hyderabad,Psychology,2029,87.0,745330,LinkedIn,2025-11-07T21:55:26.988990
JNTU Hyderabad,Psychology,2030,98.0,620947,BLS,2025-11-07T21:55:26.988990
Osmania University,Computer Science,2025,87.0,790342,Glassdoor,2025-11-07T21:55:26.988990
Osmania University,Computer Science,2026,95.0,904769,BLS,2025-11-07T21:55:26.988990
Osmania University,Computer Science,2027,98.0,921052,BLS,2025-11-07T21:55:26.988990
Osmania University,Computer Science,2028,95.0,1106520,BLS,2025-11-07T21:55:26.988990
Osmania University,Computer Science,2029,98.0,1152015,BLS,2025-11-07T21:55:26.988990
Osmania University,Computer Science,2030,98.0,954318,BLS,2025-11-07T21:55:26.988990
Osmania University,Engineering,2025,89.0,912704,BLS,2025-11-07T21:55:26.988990
Osmania University,Engineering,2026,92.0,913885,LinkedIn,2025-11-07T21:55:26.988990
Osmania University,Engineering,2027,98.0,835336,LinkedIn,2025-11-07T21:55:26.988990
Osmania University,Engineering,2028,95.0,1139044,BLS,2025-11-07T21:55:26.988990
Osmania University,Engineering,2029,98.0,1161106,LinkedIn,2025-11-07T21:55:26.988990
Osmania University,Engineering,2030,98.0,1026899,Glassdoor,2025-11-07T21:55:26.988990
Osmania University,Data Science,2025,97.0,520505,LinkedIn,2025-11-07T21:55:26.988990
Osmania University,Data Science,2026,96.0,606993,Glassdoor,2025-11-07T21:55:26.988990
Osmania University,Data Science,2027,89.0,529194,Glassdoor,2025-11-07T21:55:26.988990
Osmania University,Data Science,2028,98.0,579555,LinkedIn,2025-11-07T21:55:26.988990
Osmania University,Data Science,2029,98.0,666365,BLS,2025-11-07T21:55:26.988990
Osmania University,Data Science,2030,98.0,702872,Glassdoor,2025-11-07T21:55:26.988990
Osmania University,Business,2025,87.0,473616,Glassdoor,2025-11-07T21:55:26.988990
Osmania University,Business,2026,76.0,650384,BLS,2025-11-07T21:55:26.988990
Osmania University,Business,2027,82.0,635898,BLS,2025-11-07T21:55:26.988990
Osmania University,Business,2028,82.0,675891,Glassdoor,2025-11-07T21:55:26.988990
Osmania University,Business,2029,89.0,679493,LinkedIn,2025-11-07T21:55:26.988990
Osmania University,Business,2030,88.0,771423,LinkedIn,2025-11-07T21:55:26.988990
Osmania University,Medicine,2025,79.0,479614,LinkedIn,2025-11-07T21:55:26.988990
Osmania University,Medicine,2026,88.0,562633,Glassdoor,2025-11-07T21:55:26.988990
Osmania University,Medicine,2027,84.0,547997,BLS,2025-11-07T21:55:26.988990
Osmania University,Medicine,2028,91.0,649623,Glassdoor,2025-11-07T21:55:26.988990
Osmania University,Medicine,2029,96.0,725569,BLS,2025-11-07T21:55:26.988990
Osmania University,Medicine,2030,95.0,627111,BLS,2025-11-07T21:55:26.988990
Osmania University,Law,2025,85.0,565004,Glassdoor,2025-11-07T21:55:26.988990
Osmania University,Law,2026,88.0,654130,BLS,2025-11-07T21:55:26.988990
Osmania University,Law,2027,79.0,659096,Glassdoor,2025-11-07T21:55:26.988990
Osmania University,Law,2028,97.0,675720,LinkedIn,2025-11-07T21:55:26.988990
Osmania University,Law,2029,94.0,585451,LinkedIn,2025-11-07T21:55:26.988990
Osmania University,Law,2030,97.0,760671,LinkedIn,2025-11-07T21:55:26.988990
Osmania University,Arts,2025,80.0,568100,Glassdoor,2025-11-07T21:55:26.988990
Osmania University,Arts,2026,79.0,629014,LinkedIn,2025-11-07T21:55:26.988990
Osmania University,Arts,2027,92.0,641667,BLS,2025-11-07T21:55:26.988990
Osmania University,Arts,2028,92.0,541654,Glassdoor,2025-11-07T21:55:26.988990
Osmania University,Arts,2029,98.0,675209,BLS,2025-11-07T21:55:26.988990
Osmania University,Arts,2030,88.0,748976,BLS,2025-11-07T21:55:26.988990
Osmania University,Psychology,2025,76.0,537682,LinkedIn,2025-11-07T21:55:26.988990
Osmania University,Psychology,2026,79.0,518605,Glassdoor,2025-11-07T21:55:26.988990
Osmania University,Psychology,2027,81.0,634006,LinkedIn,2025-11-07T21:55:26.988990
Osmania University,Psychology,2028,92.0,554098,LinkedIn,2025-11-07T21:55:26.988990
Osmania University,Psychology,2029,86.0,616358,BLS,2025-11-07T21:55:26.988990
Osmania University,Psychology,2030,92.0,629097,BLS,2025-11-07T21:55:26.988990
