institution,degree,year,median_salary,employment_rate,salary_percentile_25,salary_percentile_75,data_source,last_updated
VIT University,Computer Science,2025,1082975,98,866380,1407867,Salary Survey API,2025-11-07T21:55:27.004139
VIT University,Computer Science,2026,1149489,98,919591,1494335,Salary Survey API,2025-11-07T21:55:27.004139
VIT University,Computer Science,2027,1157972,98,926377,1505363,Salary Survey API,2025-11-07T21:55:27.004139
VIT University,Computer Science,2028,1268373,98,1014698,1648884,Salary Survey API,2025-11-07T21:55:27.004139
VIT University,Computer Science,2029,1508312,98,1206649,1960805,Salary Survey API,2025-11-07T21:55:27.004139
VIT University,Computer Science,2030,1439047,98,1151237,1870761,Salary Survey API,2025-11-07T21:55:27.004139
VIT University,Engineering,2025,1075779,98,860623,1398512,Salary Survey API,2025-11-07T21:55:27.004139
VIT University,Engineering,2026,1184533,98,947626,1539892,Salary Survey API,2025-11-07T21:55:27.004139
VIT University,Engineering,2027,1108082,98,886465,1440506,Salary Survey API,2025-11-07T21:55:27.004139
VIT University,Engineering,2028,1239542,98,991633,1611404,Salary Survey API,2025-11-07T21:55:27.004139
VIT University,Engineering,2029,1322617,98,1058093,1719402,Salary Survey API,2025-11-07T21:55:27.004139
VIT University,Engineering,2030,1317482,98,1053985,1712726,Salary Survey API,2025-11-07T21:55:27.004139
VIT University,Data Science,2025,1290019,98,1032015,1677024,Salary Survey API,2025-11-07T21:55:27.004139
VIT University,Data Science,2026,1175078,98,940062,1527601,Salary Survey API,2025-11-07T21:55:27.004139
VIT University,Data Science,2027,1260242,98,1008193,1638314,Salary Survey API,2025-11-07T21:55:27.004139
VIT University,Data Science,2028,1535719,98,1228575,1996434,Salary Survey API,2025-11-07T21:55:27.004139
VIT University,Data Science,2029,1615652,98,1292521,2100347,Salary Survey API,2025-11-07T21:55:27.004139
VIT University,Data Science,2030,1493962,98,1195169,1942150,Salary Survey API,2025-11-07T21:55:27.004139
VIT University,Business,2025,835586,98,668468,1086261,Salary Survey API,2025-11-07T21:55:27.004139
VIT University,Business,2026,913315,98,730652,1187309,Salary Survey API,2025-11-07T21:55:27.004139
VIT University,Business,2027,976372,98,781097,1269283,Salary Survey API,2025-11-07T21:55:27.004139
VIT University,Business,2028,986450,98,789160,1282385,Salary Survey API,2025-11-07T21:55:27.004139
VIT University,Business,2029,962453,98,769962,1251188,Salary Survey API,2025-11-07T21:55:27.005144
VIT University,Business,2030,1188236,98,950588,1544706,Salary Survey API,2025-11-07T21:55:27.005144
VIT University,Medicine,2025,1402021,98,1121616,1822627,Salary Survey API,2025-11-07T21:55:27.005144
VIT University,Medicine,2026,1429707,98,1143765,1858619,Salary Survey API,2025-11-07T21:55:27.005144
VIT University,Medicine,2027,1492286,98,1193828,1939971,Salary Survey API,2025-11-07T21:55:27.005144
VIT University,Medicine,2028,1609419,98,1287535,2092244,Salary Survey API,2025-11-07T21:55:27.005144
VIT University,Medicine,2029,1608093,98,1286474,2090520,Salary Survey API,2025-11-07T21:55:27.005144
VIT University,Medicine,2030,1707011,98,1365608,2219114,Salary Survey API,2025-11-07T21:55:27.005144
VIT University,Law,2025,1010359,98,808287,1313466,Salary Survey API,2025-11-07T21:55:27.005144
VIT University,Law,2026,1052605,98,842084,1368386,Salary Survey API,2025-11-07T21:55:27.005144
VIT University,Law,2027,1007057,98,805645,1309174,Salary Survey API,2025-11-07T21:55:27.005144
VIT University,Law,2028,1238532,98,990825,1610091,Salary Survey API,2025-11-07T21:55:27.005144
VIT University,Law,2029,1281705,98,1025364,1666216,Salary Survey API,2025-11-07T21:55:27.005144
VIT University,Law,2030,1192591,98,954072,1550368,Salary Survey API,2025-11-07T21:55:27.005144
VIT University,Arts,2025,590770,79,472616,768001,Salary Survey API,2025-11-07T21:55:27.005144
VIT University,Arts,2026,604989,80,483991,786485,Salary Survey API,2025-11-07T21:55:27.005144
VIT University,Arts,2027,581516,78,465212,755970,Salary Survey API,2025-11-07T21:55:27.005144
VIT University,Arts,2028,667680,86,534144,867984,Salary Survey API,2025-11-07T21:55:27.005144
VIT University,Arts,2029,672373,87,537898,874084,Salary Survey API,2025-11-07T21:55:27.005144
VIT University,Arts,2030,694778,89,555822,903211,Salary Survey API,2025-11-07T21:55:27.005144
VIT University,Psychology,2025,600952,80,480761,781237,Salary Survey API,2025-11-07T21:55:27.005144
VIT University,Psychology,2026,629872,82,503897,818833,Salary Survey API,2025-11-07T21:55:27.005144
VIT University,Psychology,2027,705783,90,564626,917517,Salary Survey API,2025-11-07T21:55:27.005144
VIT University,Psychology,2028,780553,98,624442,1014718,Salary Survey API,2025-11-07T21:55:27.005144
VIT University,Psychology,2029,770103,97,616082,1001133,Salary Survey API,2025-11-07T21:55:27.005144
VIT University,Psychology,2030,822972,98,658377,1069863,Salary Survey API,2025-11-07T21:55:27.005144
SRM University,Computer Science,2025,1198114,98,958491,1557548,Salary Survey API,2025-11-07T21:55:27.005144
SRM University,Computer Science,2026,1125217,98,900173,1462782,Salary Survey API,2025-11-07T21:55:27.005144
SRM University,Computer Science,2027,1291478,98,1033182,1678921,Salary Survey API,2025-11-07T21:55:27.005144
SRM University,Computer Science,2028,1355515,98,1084412,1762169,Salary Survey API,2025-11-07T21:55:27.005144
SRM University,Computer Science,2029,1346113,98,1076890,1749946,Salary Survey API,2025-11-07T21:55:27.005144
SRM University,Computer Science,2030,1571568,98,1257254,2043038,Salary Survey API,2025-11-07T21:55:27.005144
SRM University,Engineering,2025,1051235,98,840988,1366605,Salary Survey API,2025-11-07T21:55:27.005144
SRM University,Engineering,2026,1030171,98,824136,1339222,Salary Survey API,2025-11-07T21:55:27.005144
SRM University,Engineering,2027,1175057,98,940045,1527574,Salary Survey API,2025-11-07T21:55:27.005144
SRM University,Engineering,2028,1328791,98,1063032,1727428,Salary Survey API,2025-11-07T21:55:27.005144
SRM University,Engineering,2029,1401580,98,1121264,1822054,Salary Survey API,2025-11-07T21:55:27.005144
SRM University,Engineering,2030,1305788,98,1044630,1697524,Salary Survey API,2025-11-07T21:55:27.005144
SRM University,Data Science,2025,1220840,98,976672,1587092,Salary Survey API,2025-11-07T21:55:27.005144
SRM University,Data Science,2026,1345975,98,1076780,1749767,Salary Survey API,2025-11-07T21:55:27.005144
SRM University,Data Science,2027,1447516,98,1158012,1881770,Salary Survey API,2025-11-07T21:55:27.005144
SRM University,Data Science,2028,1383683,98,1106946,1798787,Salary Survey API,2025-11-07T21:55:27.005144
SRM University,Data Science,2029,1506695,98,1205356,1958703,Salary Survey API,2025-11-07T21:55:27.005144
SRM University,Data Science,2030,1425970,98,1140776,1853761,Salary Survey API,2025-11-07T21:55:27.005144
SRM University,Business,2025,792063,98,633650,1029681,Salary Survey API,2025-11-07T21:55:27.005144
SRM University,Business,2026,907338,98,725870,1179539,Salary Survey API,2025-11-07T21:55:27.005144
SRM University,Business,2027,927622,98,742097,1205908,Salary Survey API,2025-11-07T21:55:27.005144
SRM University,Business,2028,983544,98,786835,1278607,Salary Survey API,2025-11-07T21:55:27.005144
SRM University,Business,2029,1028134,98,822507,1336574,Salary Survey API,2025-11-07T21:55:27.005144
SRM University,Business,2030,1111722,98,889377,1445238,Salary Survey API,2025-11-07T21:55:27.005144
SRM University,Medicine,2025,1340015,98,1072012,1742019,Salary Survey API,2025-11-07T21:55:27.005144
SRM University,Medicine,2026,1608314,98,1286651,2090808,Salary Survey API,2025-11-07T21:55:27.005144
SRM University,Medicine,2027,1631909,98,1305527,2121481,Salary Survey API,2025-11-07T21:55:27.005144
SRM University,Medicine,2028,1721788,98,1377430,2238324,Salary Survey API,2025-11-07T21:55:27.005144
SRM University,Medicine,2029,1692150,98,1353720,2199795,Salary Survey API,2025-11-07T21:55:27.005144
SRM University,Medicine,2030,1843446,98,1474756,2396479,Salary Survey API,2025-11-07T21:55:27.005144
SRM University,Law,2025,1041015,98,832812,1353319,Salary Survey API,2025-11-07T21:55:27.005144
SRM University,Law,2026,986555,98,789244,1282521,Salary Survey API,2025-11-07T21:55:27.005144
SRM University,Law,2027,1033888,98,827110,1344054,Salary Survey API,2025-11-07T21:55:27.005144
SRM University,Law,2028,1104515,98,883612,1435869,Salary Survey API,2025-11-07T21:55:27.005144
SRM University,Law,2029,1315788,98,1052630,1710524,Salary Survey API,2025-11-07T21:55:27.005144
SRM University,Law,2030,1392480,98,1113984,1810224,Salary Survey API,2025-11-07T21:55:27.005144
SRM University,Arts,2025,570620,77,456496,741806,Salary Survey API,2025-11-07T21:55:27.005144
SRM University,Arts,2026,614442,81,491553,798774,Salary Survey API,2025-11-07T21:55:27.005144
SRM University,Arts,2027,685437,88,548349,891068,Salary Survey API,2025-11-07T21:55:27.005144
SRM University,Arts,2028,706460,90,565168,918398,Salary Survey API,2025-11-07T21:55:27.005144
SRM University,Arts,2029,756002,95,604801,982802,Salary Survey API,2025-11-07T21:55:27.005144
SRM University,Arts,2030,737336,93,589868,958536,Salary Survey API,2025-11-07T21:55:27.005144
SRM University,Psychology,2025,683912,88,547129,889085,Salary Survey API,2025-11-07T21:55:27.005144
SRM University,Psychology,2026,708014,90,566411,920418,Salary Survey API,2025-11-07T21:55:27.005144
SRM University,Psychology,2027,739105,93,591284,960836,Salary Survey API,2025-11-07T21:55:27.005144
SRM University,Psychology,2028,799682,98,639745,1039586,Salary Survey API,2025-11-07T21:55:27.005144
SRM University,Psychology,2029,855504,98,684403,1112155,Salary Survey API,2025-11-07T21:55:27.005144
SRM University,Psychology,2030,802132,98,641705,1042771,Salary Survey API,2025-11-07T21:55:27.005144
Amrita University,Computer Science,2025,1179493,98,943594,1533340,Salary Survey API,2025-11-07T21:55:27.005144
Amrita University,Computer Science,2026,1221966,98,977572,1588555,Salary Survey API,2025-11-07T21:55:27.005144
Amrita University,Computer Science,2027,1233960,98,987168,1604148,Salary Survey API,2025-11-07T21:55:27.005144
Amrita University,Computer Science,2028,1267978,98,1014382,1648371,Salary Survey API,2025-11-07T21:55:27.005144
Amrita University,Computer Science,2029,1504748,98,1203798,1956172,Salary Survey API,2025-11-07T21:55:27.005144
Amrita University,Computer Science,2030,1602158,98,1281726,2082805,Salary Survey API,2025-11-07T21:55:27.006089
Amrita University,Engineering,2025,1043021,98,834416,1355927,Salary Survey API,2025-11-07T21:55:27.006089
Amrita University,Engineering,2026,1033392,98,826713,1343409,Salary Survey API,2025-11-07T21:55:27.006089
Amrita University,Engineering,2027,1177643,98,942114,1530935,Salary Survey API,2025-11-07T21:55:27.006089
Amrita University,Engineering,2028,1353723,98,1082978,1759839,Salary Survey API,2025-11-07T21:55:27.006089
Amrita University,Engineering,2029,1294219,98,1035375,1682484,Salary Survey API,2025-11-07T21:55:27.006089
Amrita University,Engineering,2030,1463648,98,1170918,1902742,Salary Survey API,2025-11-07T21:55:27.006089
Amrita University,Data Science,2025,1258616,98,1006892,1636200,Salary Survey API,2025-11-07T21:55:27.006089
Amrita University,Data Science,2026,1232179,98,985743,1601832,Salary Survey API,2025-11-07T21:55:27.006089
Amrita University,Data Science,2027,1393422,98,1114737,1811448,Salary Survey API,2025-11-07T21:55:27.006089
Amrita University,Data Science,2028,1299650,98,1039720,1689545,Salary Survey API,2025-11-07T21:55:27.006089
Amrita University,Data Science,2029,1521824,98,1217459,1978371,Salary Survey API,2025-11-07T21:55:27.006089
Amrita University,Data Science,2030,1659842,98,1327873,2157794,Salary Survey API,2025-11-07T21:55:27.006089
Amrita University,Business,2025,937626,98,750100,1218913,Salary Survey API,2025-11-07T21:55:27.006089
Amrita University,Business,2026,844351,98,675480,1097656,Salary Survey API,2025-11-07T21:55:27.006089
Amrita University,Business,2027,1000405,98,800324,1300526,Salary Survey API,2025-11-07T21:55:27.006089
Amrita University,Business,2028,947479,98,757983,1231722,Salary Survey API,2025-11-07T21:55:27.006089
Amrita University,Business,2029,1009097,98,807277,1311826,Salary Survey API,2025-11-07T21:55:27.006089
Amrita University,Business,2030,1071768,98,857414,1393298,Salary Survey API,2025-11-07T21:55:27.006089
Amrita University,Medicine,2025,1307444,98,1045955,1699677,Salary Survey API,2025-11-07T21:55:27.006089
Amrita University,Medicine,2026,1407522,98,1126017,1829778,Salary Survey API,2025-11-07T21:55:27.006089
Amrita University,Medicine,2027,1547691,98,1238152,2011998,Salary Survey API,2025-11-07T21:55:27.006089
Amrita University,Medicine,2028,1745623,98,1396498,2269309,Salary Survey API,2025-11-07T21:55:27.006089
Amrita University,Medicine,2029,1609523,98,1287618,2092379,Salary Survey API,2025-11-07T21:55:27.006089
Amrita University,Medicine,2030,1775836,98,1420668,2308586,Salary Survey API,2025-11-07T21:55:27.006089
Amrita University,Law,2025,1013868,98,811094,1318028,Salary Survey API,2025-11-07T21:55:27.006089
Amrita University,Law,2026,958263,98,766610,1245741,Salary Survey API,2025-11-07T21:55:27.006089
Amrita University,Law,2027,1210207,98,968165,1573269,Salary Survey API,2025-11-07T21:55:27.006089
Amrita University,Law,2028,1202171,98,961736,1562822,Salary Survey API,2025-11-07T21:55:27.006089
Amrita University,Law,2029,1183813,98,947050,1538956,Salary Survey API,2025-11-07T21:55:27.006089
Amrita University,Law,2030,1218948,98,975158,1584632,Salary Survey API,2025-11-07T21:55:27.006089
Amrita University,Arts,2025,557590,75,446072,724867,Salary Survey API,2025-11-07T21:55:27.006089
Amrita University,Arts,2026,601363,80,481090,781771,Salary Survey API,2025-11-07T21:55:27.006089
Amrita University,Arts,2027,623103,82,498482,810033,Salary Survey API,2025-11-07T21:55:27.006089
Amrita University,Arts,2028,617280,81,493824,802464,Salary Survey API,2025-11-07T21:55:27.006089
Amrita University,Arts,2029,664851,86,531880,864306,Salary Survey API,2025-11-07T21:55:27.006089
Amrita University,Arts,2030,711080,91,568864,924404,Salary Survey API,2025-11-07T21:55:27.006089
Amrita University,Psychology,2025,690045,89,552036,897058,Salary Survey API,2025-11-07T21:55:27.006089
Amrita University,Psychology,2026,700909,90,560727,911181,Salary Survey API,2025-11-07T21:55:27.006089
Amrita University,Psychology,2027,758348,95,606678,985852,Salary Survey API,2025-11-07T21:55:27.006089
Amrita University,Psychology,2028,709874,90,567899,922836,Salary Survey API,2025-11-07T21:55:27.006089
Amrita University,Psychology,2029,749420,94,599536,974246,Salary Survey API,2025-11-07T21:55:27.006089
Amrita University,Psychology,2030,856889,98,685511,1113955,Salary Survey API,2025-11-07T21:55:27.006089
KL University,Computer Science,2025,924423,98,739538,1201749,Salary Survey API,2025-11-07T21:55:27.006089
KL University,Computer Science,2026,944087,98,755269,1227313,Salary Survey API,2025-11-07T21:55:27.006089
KL University,Computer Science,2027,1069407,98,855525,1390229,Salary Survey API,2025-11-07T21:55:27.006089
KL University,Computer Science,2028,1045627,98,836501,1359315,Salary Survey API,2025-11-07T21:55:27.006089
KL University,Computer Science,2029,1237227,98,989781,1608395,Salary Survey API,2025-11-07T21:55:27.006089
KL University,Computer Science,2030,1327516,98,1062012,1725770,Salary Survey API,2025-11-07T21:55:27.006089
KL University,Engineering,2025,867385,98,693908,1127600,Salary Survey API,2025-11-07T21:55:27.006089
KL University,Engineering,2026,1016201,98,812960,1321061,Salary Survey API,2025-11-07T21:55:27.006089
KL University,Engineering,2027,969789,98,775831,1260725,Salary Survey API,2025-11-07T21:55:27.006089
KL University,Engineering,2028,979259,98,783407,1273036,Salary Survey API,2025-11-07T21:55:27.006089
KL University,Engineering,2029,1170532,98,936425,1521691,Salary Survey API,2025-11-07T21:55:27.006089
KL University,Engineering,2030,1145082,98,916065,1488606,Salary Survey API,2025-11-07T21:55:27.006089
KL University,Data Science,2025,977138,98,781710,1270279,Salary Survey API,2025-11-07T21:55:27.006089
KL University,Data Science,2026,1062830,98,850264,1381679,Salary Survey API,2025-11-07T21:55:27.006089
KL University,Data Science,2027,1226462,98,981169,1594400,Salary Survey API,2025-11-07T21:55:27.006089
KL University,Data Science,2028,1260626,98,1008500,1638813,Salary Survey API,2025-11-07T21:55:27.006089
KL University,Data Science,2029,1361426,98,1089140,1769853,Salary Survey API,2025-11-07T21:55:27.006089
KL University,Data Science,2030,1221585,98,977268,1588060,Salary Survey API,2025-11-07T21:55:27.006089
KL University,Business,2025,675422,87,540337,878048,Salary Survey API,2025-11-07T21:55:27.006089
KL University,Business,2026,753068,95,602454,978988,Salary Survey API,2025-11-07T21:55:27.006089
KL University,Business,2027,820976,98,656780,1067268,Salary Survey API,2025-11-07T21:55:27.006089
KL University,Business,2028,920111,98,736088,1196144,Salary Survey API,2025-11-07T21:55:27.006089
KL University,Business,2029,867389,98,693911,1127605,Salary Survey API,2025-11-07T21:55:27.006089
KL University,Business,2030,892741,98,714192,1160563,Salary Survey API,2025-11-07T21:55:27.006089
KL University,Medicine,2025,1122050,98,897640,1458665,Salary Survey API,2025-11-07T21:55:27.006089
KL University,Medicine,2026,1353136,98,1082508,1759076,Salary Survey API,2025-11-07T21:55:27.006089
KL University,Medicine,2027,1414763,98,1131810,1839191,Salary Survey API,2025-11-07T21:55:27.006089
KL University,Medicine,2028,1390495,98,1112396,1807643,Salary Survey API,2025-11-07T21:55:27.006089
KL University,Medicine,2029,1510976,98,1208780,1964268,Salary Survey API,2025-11-07T21:55:27.006089
KL University,Medicine,2030,1678718,98,1342974,2182333,Salary Survey API,2025-11-07T21:55:27.006089
KL University,Law,2025,870540,98,696432,1131702,Salary Survey API,2025-11-07T21:55:27.006089
KL University,Law,2026,864380,98,691504,1123694,Salary Survey API,2025-11-07T21:55:27.006089
KL University,Law,2027,951421,98,761136,1236847,Salary Survey API,2025-11-07T21:55:27.006089
KL University,Law,2028,1022603,98,818082,1329383,Salary Survey API,2025-11-07T21:55:27.006089
KL University,Law,2029,1049324,98,839459,1364121,Salary Survey API,2025-11-07T21:55:27.006089
KL University,Law,2030,998977,98,799181,1298670,Salary Survey API,2025-11-07T21:55:27.006089
KL University,Arts,2025,495040,69,396032,643552,Salary Survey API,2025-11-07T21:55:27.006089
KL University,Arts,2026,553332,75,442665,719331,Salary Survey API,2025-11-07T21:55:27.006089
KL University,Arts,2027,549362,74,439489,714170,Salary Survey API,2025-11-07T21:55:27.006089
KL University,Arts,2028,613795,81,491036,797933,Salary Survey API,2025-11-07T21:55:27.006089
KL University,Arts,2029,630574,83,504459,819746,Salary Survey API,2025-11-07T21:55:27.006089
KL University,Arts,2030,588020,78,470416,764426,Salary Survey API,2025-11-07T21:55:27.006089
KL University,Psychology,2025,522844,72,418275,679697,Salary Survey API,2025-11-07T21:55:27.006089
KL University,Psychology,2026,596562,79,477249,775530,Salary Survey API,2025-11-07T21:55:27.006089
KL University,Psychology,2027,597101,79,477680,776231,Salary Survey API,2025-11-07T21:55:27.006089
KL University,Psychology,2028,658219,85,526575,855684,Salary Survey API,2025-11-07T21:55:27.007090
KL University,Psychology,2029,713677,91,570941,927780,Salary Survey API,2025-11-07T21:55:27.007090
KL University,Psychology,2030,720897,92,576717,937166,Salary Survey API,2025-11-07T21:55:27.007090
RV College of Engineering,Computer Science,2025,890490,98,712392,1157637,Salary Survey API,2025-11-07T21:55:27.007090
RV College of Engineering,Computer Science,2026,1091275,98,873020,1418657,Salary Survey API,2025-11-07T21:55:27.007090
RV College of Engineering,Computer Science,2027,1085658,98,868526,1411355,Salary Survey API,2025-11-07T21:55:27.007090
RV College of Engineering,Computer Science,2028,1070745,98,856596,1391968,Salary Survey API,2025-11-07T21:55:27.007090
RV College of Engineering,Computer Science,2029,1155440,98,924352,1502072,Salary Survey API,2025-11-07T21:55:27.007090
RV College of Engineering,Computer Science,2030,1260760,98,1008608,1638988,Salary Survey API,2025-11-07T21:55:27.007090
RV College of Engineering,Engineering,2025,929468,98,743574,1208308,Salary Survey API,2025-11-07T21:55:27.007090
RV College of Engineering,Engineering,2026,1021031,98,816824,1327340,Salary Survey API,2025-11-07T21:55:27.007090
RV College of Engineering,Engineering,2027,1087109,98,869687,1413241,Salary Survey API,2025-11-07T21:55:27.007090
RV College of Engineering,Engineering,2028,1078408,98,862726,1401930,Salary Survey API,2025-11-07T21:55:27.007090
RV College of Engineering,Engineering,2029,1020841,98,816672,1327093,Salary Survey API,2025-11-07T21:55:27.007090
RV College of Engineering,Engineering,2030,1187112,98,949689,1543245,Salary Survey API,2025-11-07T21:55:27.007090
RV College of Engineering,Data Science,2025,1117298,98,893838,1452487,Salary Survey API,2025-11-07T21:55:27.007090
RV College of Engineering,Data Science,2026,1174524,98,939619,1526881,Salary Survey API,2025-11-07T21:55:27.007090
RV College of Engineering,Data Science,2027,1074701,98,859760,1397111,Salary Survey API,2025-11-07T21:55:27.007090
RV College of Engineering,Data Science,2028,1194348,98,955478,1552652,Salary Survey API,2025-11-07T21:55:27.007090
RV College of Engineering,Data Science,2029,1270420,98,1016336,1651546,Salary Survey API,2025-11-07T21:55:27.007090
RV College of Engineering,Data Science,2030,1296476,98,1037180,1685418,Salary Survey API,2025-11-07T21:55:27.007090
RV College of Engineering,Business,2025,721996,92,577596,938594,Salary Survey API,2025-11-07T21:55:27.007090
RV College of Engineering,Business,2026,692469,89,553975,900209,Salary Survey API,2025-11-07T21:55:27.007090
RV College of Engineering,Business,2027,734760,93,587808,955188,Salary Survey API,2025-11-07T21:55:27.007090
RV College of Engineering,Business,2028,762912,96,610329,991785,Salary Survey API,2025-11-07T21:55:27.007090
RV College of Engineering,Business,2029,894369,98,715495,1162679,Salary Survey API,2025-11-07T21:55:27.007090
RV College of Engineering,Business,2030,902591,98,722072,1173368,Salary Survey API,2025-11-07T21:55:27.007090
RV College of Engineering,Medicine,2025,1161803,98,929442,1510343,Salary Survey API,2025-11-07T21:55:27.007090
RV College of Engineering,Medicine,2026,1301891,98,1041512,1692458,Salary Survey API,2025-11-07T21:55:27.007090
RV College of Engineering,Medicine,2027,1255802,98,1004641,1632542,Salary Survey API,2025-11-07T21:55:27.007090
RV College of Engineering,Medicine,2028,1406317,98,1125053,1828212,Salary Survey API,2025-11-07T21:55:27.007090
RV College of Engineering,Medicine,2029,1490019,98,1192015,1937024,Salary Survey API,2025-11-07T21:55:27.007090
RV College of Engineering,Medicine,2030,1685991,98,1348792,2191788,Salary Survey API,2025-11-07T21:55:27.007090
RV College of Engineering,Law,2025,774517,97,619613,1006872,Salary Survey API,2025-11-07T21:55:27.007090
RV College of Engineering,Law,2026,947570,98,758056,1231841,Salary Survey API,2025-11-07T21:55:27.007090
RV College of Engineering,Law,2027,971173,98,776938,1262524,Salary Survey API,2025-11-07T21:55:27.007090
RV College of Engineering,Law,2028,933332,98,746665,1213331,Salary Survey API,2025-11-07T21:55:27.007090
RV College of Engineering,Law,2029,1106317,98,885053,1438212,Salary Survey API,2025-11-07T21:55:27.007090
RV College of Engineering,Law,2030,1080671,98,864536,1404872,Salary Survey API,2025-11-07T21:55:27.007090
RV College of Engineering,Arts,2025,486635,68,389308,632625,Salary Survey API,2025-11-07T21:55:27.007090
RV College of Engineering,Arts,2026,477542,67,382033,620804,Salary Survey API,2025-11-07T21:55:27.007090
RV College of Engineering,Arts,2027,488162,68,390529,634610,Salary Survey API,2025-11-07T21:55:27.007090
RV College of Engineering,Arts,2028,517748,71,414198,673072,Salary Survey API,2025-11-07T21:55:27.007090
RV College of Engineering,Arts,2029,545837,74,436669,709588,Salary Survey API,2025-11-07T21:55:27.007090
RV College of Engineering,Arts,2030,631111,83,504888,820444,Salary Survey API,2025-11-07T21:55:27.007090
RV College of Engineering,Psychology,2025,496571,69,397256,645542,Salary Survey API,2025-11-07T21:55:27.007090
RV College of Engineering,Psychology,2026,582770,78,466216,757601,Salary Survey API,2025-11-07T21:55:27.007090
RV College of Engineering,Psychology,2027,561303,76,449042,729693,Salary Survey API,2025-11-07T21:55:27.007090
RV College of Engineering,Psychology,2028,687751,88,550200,894076,Salary Survey API,2025-11-07T21:55:27.007090
RV College of Engineering,Psychology,2029,622184,82,497747,808839,Salary Survey API,2025-11-07T21:55:27.007090
RV College of Engineering,Psychology,2030,693781,89,555024,901915,Salary Survey API,2025-11-07T21:55:27.007090
GITAM University,Computer Science,2025,960197,98,768157,1248256,Salary Survey API,2025-11-07T21:55:27.007090
GITAM University,Computer Science,2026,1093445,98,874756,1421478,Salary Survey API,2025-11-07T21:55:27.007090
GITAM University,Computer Science,2027,999066,98,799252,1298785,Salary Survey API,2025-11-07T21:55:27.007090
GITAM University,Computer Science,2028,1187113,98,949690,1543246,Salary Survey API,2025-11-07T21:55:27.007090
GITAM University,Computer Science,2029,1228124,98,982499,1596561,Salary Survey API,2025-11-07T21:55:27.007090
GITAM University,Computer Science,2030,1202063,98,961650,1562681,Salary Survey API,2025-11-07T21:55:27.007090
GITAM University,Engineering,2025,977306,98,781844,1270497,Salary Survey API,2025-11-07T21:55:27.007090
GITAM University,Engineering,2026,968270,98,774616,1258751,Salary Survey API,2025-11-07T21:55:27.007090
GITAM University,Engineering,2027,966591,98,773272,1256568,Salary Survey API,2025-11-07T21:55:27.007090
GITAM University,Engineering,2028,1003082,98,802465,1304006,Salary Survey API,2025-11-07T21:55:27.007090
GITAM University,Engineering,2029,1135022,98,908017,1475528,Salary Survey API,2025-11-07T21:55:27.007090
GITAM University,Engineering,2030,1084041,98,867232,1409253,Salary Survey API,2025-11-07T21:55:27.007090
GITAM University,Data Science,2025,1043514,98,834811,1356568,Salary Survey API,2025-11-07T21:55:27.007090
GITAM University,Data Science,2026,1016835,98,813468,1321885,Salary Survey API,2025-11-07T21:55:27.007090
GITAM University,Data Science,2027,1061022,98,848817,1379328,Salary Survey API,2025-11-07T21:55:27.007090
GITAM University,Data Science,2028,1151676,98,921340,1497178,Salary Survey API,2025-11-07T21:55:27.007090
GITAM University,Data Science,2029,1149178,98,919342,1493931,Salary Survey API,2025-11-07T21:55:27.007090
GITAM University,Data Science,2030,1420422,98,1136337,1846548,Salary Survey API,2025-11-07T21:55:27.007090
GITAM University,Business,2025,684953,88,547962,890438,Salary Survey API,2025-11-07T21:55:27.007090
GITAM University,Business,2026,773317,97,618653,1005312,Salary Survey API,2025-11-07T21:55:27.007090
GITAM University,Business,2027,843278,98,674622,1096261,Salary Survey API,2025-11-07T21:55:27.007090
GITAM University,Business,2028,881637,98,705309,1146128,Salary Survey API,2025-11-07T21:55:27.007090
GITAM University,Business,2029,834560,98,667648,1084928,Salary Survey API,2025-11-07T21:55:27.007090
GITAM University,Business,2030,1001200,98,800960,1301560,Salary Survey API,2025-11-07T21:55:27.007090
GITAM University,Medicine,2025,1297817,98,1038253,1687162,Salary Survey API,2025-11-07T21:55:27.007090
GITAM University,Medicine,2026,1164031,98,931224,1513240,Salary Survey API,2025-11-07T21:55:27.007090
GITAM University,Medicine,2027,1456837,98,1165469,1893888,Salary Survey API,2025-11-07T21:55:27.007090
GITAM University,Medicine,2028,1322323,98,1057858,1719019,Salary Survey API,2025-11-07T21:55:27.007090
GITAM University,Medicine,2029,1516621,98,1213296,1971607,Salary Survey API,2025-11-07T21:55:27.007090
GITAM University,Medicine,2030,1620348,98,1296278,2106452,Salary Survey API,2025-11-07T21:55:27.007090
GITAM University,Law,2025,810749,98,648599,1053973,Salary Survey API,2025-11-07T21:55:27.007090
GITAM University,Law,2026,927023,98,741618,1205129,Salary Survey API,2025-11-07T21:55:27.007090
GITAM University,Law,2027,949079,98,759263,1233802,Salary Survey API,2025-11-07T21:55:27.007090
GITAM University,Law,2028,918106,98,734484,1193537,Salary Survey API,2025-11-07T21:55:27.008088
GITAM University,Law,2029,949285,98,759428,1234070,Salary Survey API,2025-11-07T21:55:27.008088
GITAM University,Law,2030,1117323,98,893858,1452519,Salary Survey API,2025-11-07T21:55:27.008088
GITAM University,Arts,2025,496006,69,396804,644807,Salary Survey API,2025-11-07T21:55:27.008088
GITAM University,Arts,2026,517217,71,413773,672382,Salary Survey API,2025-11-07T21:55:27.008088
GITAM University,Arts,2027,502984,70,402387,653879,Salary Survey API,2025-11-07T21:55:27.008088
GITAM University,Arts,2028,540268,74,432214,702348,Salary Survey API,2025-11-07T21:55:27.008088
GITAM University,Arts,2029,630301,83,504240,819391,Salary Survey API,2025-11-07T21:55:27.008088
GITAM University,Arts,2030,641478,84,513182,833921,Salary Survey API,2025-11-07T21:55:27.008088
GITAM University,Psychology,2025,502665,70,402132,653464,Salary Survey API,2025-11-07T21:55:27.008088
GITAM University,Psychology,2026,620461,82,496368,806599,Salary Survey API,2025-11-07T21:55:27.008088
GITAM University,Psychology,2027,654209,85,523367,850471,Salary Survey API,2025-11-07T21:55:27.008088
GITAM University,Psychology,2028,579990,77,463992,753987,Salary Survey API,2025-11-07T21:55:27.008088
GITAM University,Psychology,2029,605945,80,484756,787728,Salary Survey API,2025-11-07T21:55:27.008088
GITAM University,Psychology,2030,631548,83,505238,821012,Salary Survey API,2025-11-07T21:55:27.008088
Vignan University,Computer Science,2025,1044983,98,835986,1358477,Salary Survey API,2025-11-07T21:55:27.008088
Vignan University,Computer Science,2026,1056614,98,845291,1373598,Salary Survey API,2025-11-07T21:55:27.008088
Vignan University,Computer Science,2027,1131592,98,905273,1471069,Salary Survey API,2025-11-07T21:55:27.008088
Vignan University,Computer Science,2028,1119873,98,895898,1455834,Salary Survey API,2025-11-07T21:55:27.008088
Vignan University,Computer Science,2029,1071103,98,856882,1392433,Salary Survey API,2025-11-07T21:55:27.008088
Vignan University,Computer Science,2030,1211483,98,969186,1574927,Salary Survey API,2025-11-07T21:55:27.008088
Vignan University,Engineering,2025,886171,98,708936,1152022,Salary Survey API,2025-11-07T21:55:27.008088
Vignan University,Engineering,2026,973353,98,778682,1265358,Salary Survey API,2025-11-07T21:55:27.008088
Vignan University,Engineering,2027,956592,98,765273,1243569,Salary Survey API,2025-11-07T21:55:27.008088
Vignan University,Engineering,2028,955742,98,764593,1242464,Salary Survey API,2025-11-07T21:55:27.008088
Vignan University,Engineering,2029,1074692,98,859753,1397099,Salary Survey API,2025-11-07T21:55:27.008088
Vignan University,Engineering,2030,1240727,98,992581,1612945,Salary Survey API,2025-11-07T21:55:27.008088
Vignan University,Data Science,2025,995407,98,796325,1294029,Salary Survey API,2025-11-07T21:55:27.008088
Vignan University,Data Science,2026,1105855,98,884684,1437611,Salary Survey API,2025-11-07T21:55:27.008088
Vignan University,Data Science,2027,1108107,98,886485,1440539,Salary Survey API,2025-11-07T21:55:27.008088
Vignan University,Data Science,2028,1293829,98,1035063,1681977,Salary Survey API,2025-11-07T21:55:27.008088
Vignan University,Data Science,2029,1239077,98,991261,1610800,Salary Survey API,2025-11-07T21:55:27.008088
Vignan University,Data Science,2030,1387890,98,1110312,1804257,Salary Survey API,2025-11-07T21:55:27.008088
Vignan University,Business,2025,758408,95,606726,985930,Salary Survey API,2025-11-07T21:55:27.008088
Vignan University,Business,2026,770450,97,616360,1001585,Salary Survey API,2025-11-07T21:55:27.008088
Vignan University,Business,2027,744407,94,595525,967729,Salary Survey API,2025-11-07T21:55:27.008088
Vignan University,Business,2028,887296,98,709836,1153484,Salary Survey API,2025-11-07T21:55:27.008088
Vignan University,Business,2029,849280,98,679424,1104064,Salary Survey API,2025-11-07T21:55:27.008088
Vignan University,Business,2030,906798,98,725438,1178837,Salary Survey API,2025-11-07T21:55:27.008088
Vignan University,Medicine,2025,1195725,98,956580,1554442,Salary Survey API,2025-11-07T21:55:27.008088
Vignan University,Medicine,2026,1273489,98,1018791,1655535,Salary Survey API,2025-11-07T21:55:27.008088
Vignan University,Medicine,2027,1457586,98,1166068,1894861,Salary Survey API,2025-11-07T21:55:27.008088
Vignan University,Medicine,2028,1356484,98,1085187,1763429,Salary Survey API,2025-11-07T21:55:27.008088
Vignan University,Medicine,2029,1542005,98,1233604,2004606,Salary Survey API,2025-11-07T21:55:27.008088
Vignan University,Medicine,2030,1479570,98,1183656,1923441,Salary Survey API,2025-11-07T21:55:27.008088
Vignan University,Law,2025,819797,98,655837,1065736,Salary Survey API,2025-11-07T21:55:27.008088
Vignan University,Law,2026,857684,98,686147,1114989,Salary Survey API,2025-11-07T21:55:27.008088
Vignan University,Law,2027,979846,98,783876,1273799,Salary Survey API,2025-11-07T21:55:27.008088
Vignan University,Law,2028,981078,98,784862,1275401,Salary Survey API,2025-11-07T21:55:27.008088
Vignan University,Law,2029,1122668,98,898134,1459468,Salary Survey API,2025-11-07T21:55:27.008088
Vignan University,Law,2030,1066455,98,853164,1386391,Salary Survey API,2025-11-07T21:55:27.008088
Vignan University,Arts,2025,492117,69,393693,639752,Salary Survey API,2025-11-07T21:55:27.008088
Vignan University,Arts,2026,509273,70,407418,662054,Salary Survey API,2025-11-07T21:55:27.008088
Vignan University,Arts,2027,585439,78,468351,761070,Salary Survey API,2025-11-07T21:55:27.008088
Vignan University,Arts,2028,558413,75,446730,725936,Salary Survey API,2025-11-07T21:55:27.008088
Vignan University,Arts,2029,600274,80,480219,780356,Salary Survey API,2025-11-07T21:55:27.008088
Vignan University,Arts,2030,602618,80,482094,783403,Salary Survey API,2025-11-07T21:55:27.008088
Vignan University,Psychology,2025,494095,69,395276,642323,Salary Survey API,2025-11-07T21:55:27.008088
Vignan University,Psychology,2026,589896,78,471916,766864,Salary Survey API,2025-11-07T21:55:27.008088
Vignan University,Psychology,2027,643996,84,515196,837194,Salary Survey API,2025-11-07T21:55:27.008088
Vignan University,Psychology,2028,650956,85,520764,846242,Salary Survey API,2025-11-07T21:55:27.008088
Vignan University,Psychology,2029,649642,84,519713,844534,Salary Survey API,2025-11-07T21:55:27.008088
Vignan University,Psychology,2030,712461,91,569968,926199,Salary Survey API,2025-11-07T21:55:27.008088
BITS Pilani,Computer Science,2025,1440653,98,1152522,1872848,Salary Survey API,2025-11-07T21:55:27.008088
BITS Pilani,Computer Science,2026,1351426,98,1081140,1756853,Salary Survey API,2025-11-07T21:55:27.008088
BITS Pilani,Computer Science,2027,1586228,98,1268982,2062096,Salary Survey API,2025-11-07T21:55:27.008088
BITS Pilani,Computer Science,2028,1560710,98,1248568,2028923,Salary Survey API,2025-11-07T21:55:27.008088
BITS Pilani,Computer Science,2029,1674573,98,1339658,2176944,Salary Survey API,2025-11-07T21:55:27.008088
BITS Pilani,Computer Science,2030,1618876,98,1295100,2104538,Salary Survey API,2025-11-07T21:55:27.008088
BITS Pilani,Engineering,2025,1127000,98,901600,1465100,Salary Survey API,2025-11-07T21:55:27.008088
BITS Pilani,Engineering,2026,1404764,98,1123811,1826193,Salary Survey API,2025-11-07T21:55:27.008088
BITS Pilani,Engineering,2027,1470644,98,1176515,1911837,Salary Survey API,2025-11-07T21:55:27.009091
BITS Pilani,Engineering,2028,1417890,98,1134312,1843257,Salary Survey API,2025-11-07T21:55:27.009091
BITS Pilani,Engineering,2029,1404573,98,1123658,1825944,Salary Survey API,2025-11-07T21:55:27.009091
BITS Pilani,Engineering,2030,1683955,98,1347164,2189141,Salary Survey API,2025-11-07T21:55:27.009091
BITS Pilani,Data Science,2025,1512741,98,1210192,1966563,Salary Survey API,2025-11-07T21:55:27.009091
BITS Pilani,Data Science,2026,1412446,98,1129956,1836179,Salary Survey API,2025-11-07T21:55:27.009091
BITS Pilani,Data Science,2027,1449102,98,1159281,1883832,Salary Survey API,2025-11-07T21:55:27.009091
BITS Pilani,Data Science,2028,1722174,98,1377739,2238826,Salary Survey API,2025-11-07T21:55:27.009091
BITS Pilani,Data Science,2029,1719808,98,1375846,2235750,Salary Survey API,2025-11-07T21:55:27.009091
BITS Pilani,Data Science,2030,1788372,98,1430697,2324883,Salary Survey API,2025-11-07T21:55:27.009091
BITS Pilani,Business,2025,957110,98,765688,1244243,Salary Survey API,2025-11-07T21:55:27.009091
BITS Pilani,Business,2026,978177,98,782541,1271630,Salary Survey API,2025-11-07T21:55:27.009091
BITS Pilani,Business,2027,997382,98,797905,1296596,Salary Survey API,2025-11-07T21:55:27.009091
BITS Pilani,Business,2028,1243473,98,994778,1616514,Salary Survey API,2025-11-07T21:55:27.009091
BITS Pilani,Business,2029,1109604,98,887683,1442485,Salary Survey API,2025-11-07T21:55:27.009091
BITS Pilani,Business,2030,1146577,98,917261,1490550,Salary Survey API,2025-11-07T21:55:27.009091
BITS Pilani,Medicine,2025,1798838,98,1439070,2338489,Salary Survey API,2025-11-07T21:55:27.009091
BITS Pilani,Medicine,2026,1867822,98,1494257,2428168,Salary Survey API,2025-11-07T21:55:27.009091
BITS Pilani,Medicine,2027,1858031,98,1486424,2415440,Salary Survey API,2025-11-07T21:55:27.009091
BITS Pilani,Medicine,2028,1806653,98,1445322,2348648,Salary Survey API,2025-11-07T21:55:27.009091
BITS Pilani,Medicine,2029,2169188,98,1735350,2819944,Salary Survey API,2025-11-07T21:55:27.009091
BITS Pilani,Medicine,2030,2204731,98,1763784,2866150,Salary Survey API,2025-11-07T21:55:27.009091
BITS Pilani,Law,2025,1050016,98,840012,1365020,Salary Survey API,2025-11-07T21:55:27.009091
BITS Pilani,Law,2026,1201018,98,960814,1561323,Salary Survey API,2025-11-07T21:55:27.009091
BITS Pilani,Law,2027,1178683,98,942946,1532287,Salary Survey API,2025-11-07T21:55:27.009091
BITS Pilani,Law,2028,1386098,98,1108878,1801927,Salary Survey API,2025-11-07T21:55:27.009091
BITS Pilani,Law,2029,1422759,98,1138207,1849586,Salary Survey API,2025-11-07T21:55:27.009091
BITS Pilani,Law,2030,1337811,98,1070248,1739154,Salary Survey API,2025-11-07T21:55:27.009091
BITS Pilani,Arts,2025,670367,87,536293,871477,Salary Survey API,2025-11-07T21:55:27.009091
BITS Pilani,Arts,2026,634945,83,507956,825428,Salary Survey API,2025-11-07T21:55:27.009091
BITS Pilani,Arts,2027,705350,90,564280,916955,Salary Survey API,2025-11-07T21:55:27.009091
BITS Pilani,Arts,2028,794844,98,635875,1033297,Salary Survey API,2025-11-07T21:55:27.009091
BITS Pilani,Arts,2029,811648,98,649318,1055142,Salary Survey API,2025-11-07T21:55:27.009091
BITS Pilani,Arts,2030,872278,98,697822,1133961,Salary Survey API,2025-11-07T21:55:27.009091
BITS Pilani,Psychology,2025,724645,92,579716,942038,Salary Survey API,2025-11-07T21:55:27.009091
BITS Pilani,Psychology,2026,743395,94,594716,966413,Salary Survey API,2025-11-07T21:55:27.009091
BITS Pilani,Psychology,2027,877321,98,701856,1140517,Salary Survey API,2025-11-07T21:55:27.009091
BITS Pilani,Psychology,2028,795071,98,636056,1033592,Salary Survey API,2025-11-07T21:55:27.009091
BITS Pilani,Psychology,2029,934198,98,747358,1214457,Salary Survey API,2025-11-07T21:55:27.009091
BITS Pilani,Psychology,2030,867418,98,693934,1127643,Salary Survey API,2025-11-07T21:55:27.009091
IIT Delhi,Computer Science,2025,1203945,98,963156,1565128,Salary Survey API,2025-11-07T21:55:27.009091
IIT Delhi,Computer Science,2026,1433262,98,1146609,1863240,Salary Survey API,2025-11-07T21:55:27.009091
IIT Delhi,Computer Science,2027,1336982,98,1069585,1738076,Salary Survey API,2025-11-07T21:55:27.009091
IIT Delhi,Computer Science,2028,1632934,98,1306347,2122814,Salary Survey API,2025-11-07T21:55:27.009091
IIT Delhi,Computer Science,2029,1462602,98,1170081,1901382,Salary Survey API,2025-11-07T21:55:27.009091
IIT Delhi,Computer Science,2030,1739847,98,1391877,2261801,Salary Survey API,2025-11-07T21:55:27.009091
IIT Delhi,Engineering,2025,1329909,98,1063927,1728881,Salary Survey API,2025-11-07T21:55:27.009091
IIT Delhi,Engineering,2026,1413258,98,1130606,1837235,Salary Survey API,2025-11-07T21:55:27.009091
IIT Delhi,Engineering,2027,1312517,98,1050013,1706272,Salary Survey API,2025-11-07T21:55:27.009091
IIT Delhi,Engineering,2028,1403461,98,1122768,1824499,Salary Survey API,2025-11-07T21:55:27.009091
IIT Delhi,Engineering,2029,1377370,98,1101896,1790581,Salary Survey API,2025-11-07T21:55:27.009091
IIT Delhi,Engineering,2030,1506536,98,1205228,1958496,Salary Survey API,2025-11-07T21:55:27.009091
IIT Delhi,Data Science,2025,1512150,98,1209720,1965795,Salary Survey API,2025-11-07T21:55:27.009091
IIT Delhi,Data Science,2026,1454169,98,1163335,1890419,Salary Survey API,2025-11-07T21:55:27.009091
IIT Delhi,Data Science,2027,1594493,98,1275594,2072840,Salary Survey API,2025-11-07T21:55:27.009091
IIT Delhi,Data Science,2028,1735587,98,1388469,2256263,Salary Survey API,2025-11-07T21:55:27.009091
IIT Delhi,Data Science,2029,1848401,98,1478720,2402921,Salary Survey API,2025-11-07T21:55:27.009091
IIT Delhi,Data Science,2030,1861251,98,1489000,2419626,Salary Survey API,2025-11-07T21:55:27.009091
IIT Delhi,Business,2025,1070053,98,856042,1391068,Salary Survey API,2025-11-07T21:55:27.009091
IIT Delhi,Business,2026,977833,98,782266,1271182,Salary Survey API,2025-11-07T21:55:27.009091
IIT Delhi,Business,2027,1137993,98,910394,1479390,Salary Survey API,2025-11-07T21:55:27.009091
IIT Delhi,Business,2028,1041489,98,833191,1353935,Salary Survey API,2025-11-07T21:55:27.009091
IIT Delhi,Business,2029,1123221,98,898576,1460187,Salary Survey API,2025-11-07T21:55:27.009091
IIT Delhi,Business,2030,1205901,98,964720,1567671,Salary Survey API,2025-11-07T21:55:27.009091
IIT Delhi,Medicine,2025,1793845,98,1435076,2331998,Salary Survey API,2025-11-07T21:55:27.009091
IIT Delhi,Medicine,2026,1848432,98,1478745,2402961,Salary Survey API,2025-11-07T21:55:27.009091
IIT Delhi,Medicine,2027,1991958,98,1593566,2589545,Salary Survey API,2025-11-07T21:55:27.009091
IIT Delhi,Medicine,2028,1768925,98,1415140,2299602,Salary Survey API,2025-11-07T21:55:27.009091
IIT Delhi,Medicine,2029,2194873,98,1755898,2853334,Salary Survey API,2025-11-07T21:55:27.009091
IIT Delhi,Medicine,2030,2150983,98,1720786,2796277,Salary Survey API,2025-11-07T21:55:27.009091
IIT Delhi,Law,2025,1119767,98,895813,1455697,Salary Survey API,2025-11-07T21:55:27.009091
IIT Delhi,Law,2026,1324844,98,1059875,1722297,Salary Survey API,2025-11-07T21:55:27.009091
IIT Delhi,Law,2027,1226681,98,981344,1594685,Salary Survey API,2025-11-07T21:55:27.009091
IIT Delhi,Law,2028,1306858,98,1045486,1698915,Salary Survey API,2025-11-07T21:55:27.009091
IIT Delhi,Law,2029,1313944,98,1051155,1708127,Salary Survey API,2025-11-07T21:55:27.009091
IIT Delhi,Law,2030,1452992,98,1162393,1888889,Salary Survey API,2025-11-07T21:55:27.009091
IIT Delhi,Arts,2025,685782,88,548625,891516,Salary Survey API,2025-11-07T21:55:27.009091
IIT Delhi,Arts,2026,689556,88,551644,896422,Salary Survey API,2025-11-07T21:55:27.009091
IIT Delhi,Arts,2027,694445,89,555556,902778,Salary Survey API,2025-11-07T21:55:27.009091
IIT Delhi,Arts,2028,717002,91,573601,932102,Salary Survey API,2025-11-07T21:55:27.009091
IIT Delhi,Arts,2029,869630,98,695704,1130519,Salary Survey API,2025-11-07T21:55:27.009091
IIT Delhi,Arts,2030,902424,98,721939,1173151,Salary Survey API,2025-11-07T21:55:27.009091
IIT Delhi,Psychology,2025,799840,98,639872,1039792,Salary Survey API,2025-11-07T21:55:27.009091
IIT Delhi,Psychology,2026,814878,98,651902,1059341,Salary Survey API,2025-11-07T21:55:27.009091
IIT Delhi,Psychology,2027,849838,98,679870,1104789,Salary Survey API,2025-11-07T21:55:27.009091
IIT Delhi,Psychology,2028,851438,98,681150,1106869,Salary Survey API,2025-11-07T21:55:27.009091
IIT Delhi,Psychology,2029,913104,98,730483,1187035,Salary Survey API,2025-11-07T21:55:27.009091
IIT Delhi,Psychology,2030,1010498,98,808398,1313647,Salary Survey API,2025-11-07T21:55:27.009091
IIT Bombay,Computer Science,2025,1423290,98,1138632,1850277,Salary Survey API,2025-11-07T21:55:27.009091
IIT Bombay,Computer Science,2026,1420536,98,1136428,1846696,Salary Survey API,2025-11-07T21:55:27.009091
IIT Bombay,Computer Science,2027,1537671,98,1230136,1998972,Salary Survey API,2025-11-07T21:55:27.010088
IIT Bombay,Computer Science,2028,1526491,98,1221192,1984438,Salary Survey API,2025-11-07T21:55:27.010088
IIT Bombay,Computer Science,2029,1611587,98,1289269,2095063,Salary Survey API,2025-11-07T21:55:27.010088
IIT Bombay,Computer Science,2030,1719564,98,1375651,2235433,Salary Survey API,2025-11-07T21:55:27.010088
IIT Bombay,Engineering,2025,1278165,98,1022532,1661614,Salary Survey API,2025-11-07T21:55:27.010088
IIT Bombay,Engineering,2026,1362513,98,1090010,1771266,Salary Survey API,2025-11-07T21:55:27.010088
IIT Bombay,Engineering,2027,1324873,98,1059898,1722334,Salary Survey API,2025-11-07T21:55:27.010088
IIT Bombay,Engineering,2028,1441820,98,1153456,1874366,Salary Survey API,2025-11-07T21:55:27.010088
IIT Bombay,Engineering,2029,1647001,98,1317600,2141101,Salary Survey API,2025-11-07T21:55:27.010088
IIT Bombay,Engineering,2030,1695856,98,1356684,2204612,Salary Survey API,2025-11-07T21:55:27.010088
IIT Bombay,Data Science,2025,1402412,98,1121929,1823135,Salary Survey API,2025-11-07T21:55:27.010088
IIT Bombay,Data Science,2026,1474488,98,1179590,1916834,Salary Survey API,2025-11-07T21:55:27.010088
IIT Bombay,Data Science,2027,1561164,98,1248931,2029513,Salary Survey API,2025-11-07T21:55:27.010088
IIT Bombay,Data Science,2028,1518684,98,1214947,1974289,Salary Survey API,2025-11-07T21:55:27.010088
IIT Bombay,Data Science,2029,1710351,98,1368280,2223456,Salary Survey API,2025-11-07T21:55:27.010088
IIT Bombay,Data Science,2030,1832506,98,1466004,2382257,Salary Survey API,2025-11-07T21:55:27.010088
IIT Bombay,Business,2025,972960,98,778368,1264848,Salary Survey API,2025-11-07T21:55:27.010088
IIT Bombay,Business,2026,965500,98,772400,1255150,Salary Survey API,2025-11-07T21:55:27.010088
IIT Bombay,Business,2027,1184894,98,947915,1540362,Salary Survey API,2025-11-07T21:55:27.010088
IIT Bombay,Business,2028,1241507,98,993205,1613959,Salary Survey API,2025-11-07T21:55:27.010088
IIT Bombay,Business,2029,1185471,98,948376,1541112,Salary Survey API,2025-11-07T21:55:27.010088
IIT Bombay,Business,2030,1151509,98,921207,1496961,Salary Survey API,2025-11-07T21:55:27.010088
IIT Bombay,Medicine,2025,1522663,98,1218130,1979461,Salary Survey API,2025-11-07T21:55:27.010088
IIT Bombay,Medicine,2026,1712023,98,1369618,2225629,Salary Survey API,2025-11-07T21:55:27.010088
IIT Bombay,Medicine,2027,1881216,98,1504972,2445580,Salary Survey API,2025-11-07T21:55:27.010088
IIT Bombay,Medicine,2028,1896954,98,1517563,2466040,Salary Survey API,2025-11-07T21:55:27.010088
IIT Bombay,Medicine,2029,1995863,98,1596690,2594621,Salary Survey API,2025-11-07T21:55:27.010088
IIT Bombay,Medicine,2030,2276499,98,1821199,2959448,Salary Survey API,2025-11-07T21:55:27.010088
IIT Bombay,Law,2025,1195029,98,956023,1553537,Salary Survey API,2025-11-07T21:55:27.010088
IIT Bombay,Law,2026,1125453,98,900362,1463088,Salary Survey API,2025-11-07T21:55:27.010088
IIT Bombay,Law,2027,1225756,98,980604,1593482,Salary Survey API,2025-11-07T21:55:27.010088
IIT Bombay,Law,2028,1225712,98,980569,1593425,Salary Survey API,2025-11-07T21:55:27.010088
IIT Bombay,Law,2029,1393745,98,1114996,1811868,Salary Survey API,2025-11-07T21:55:27.010088
IIT Bombay,Law,2030,1421172,98,1136937,1847523,Salary Survey API,2025-11-07T21:55:27.010088
IIT Bombay,Arts,2025,618929,81,495143,804607,Salary Survey API,2025-11-07T21:55:27.010088
IIT Bombay,Arts,2026,760390,96,608312,988507,Salary Survey API,2025-11-07T21:55:27.010088
IIT Bombay,Arts,2027,783605,98,626884,1018686,Salary Survey API,2025-11-07T21:55:27.010088
IIT Bombay,Arts,2028,804436,98,643548,1045766,Salary Survey API,2025-11-07T21:55:27.010088
IIT Bombay,Arts,2029,806629,98,645303,1048617,Salary Survey API,2025-11-07T21:55:27.010088
IIT Bombay,Arts,2030,823859,98,659087,1071016,Salary Survey API,2025-11-07T21:55:27.010088
IIT Bombay,Psychology,2025,799997,98,639997,1039996,Salary Survey API,2025-11-07T21:55:27.010088
IIT Bombay,Psychology,2026,707172,90,565737,919323,Salary Survey API,2025-11-07T21:55:27.010088
IIT Bombay,Psychology,2027,854506,98,683604,1110857,Salary Survey API,2025-11-07T21:55:27.010088
IIT Bombay,Psychology,2028,895852,98,716681,1164607,Salary Survey API,2025-11-07T21:55:27.010088
IIT Bombay,Psychology,2029,849246,98,679396,1104019,Salary Survey API,2025-11-07T21:55:27.010088
IIT Bombay,Psychology,2030,1018472,98,814777,1324013,Salary Survey API,2025-11-07T21:55:27.010088
IIT Madras,Computer Science,2025,1444297,98,1155437,1877586,Salary Survey API,2025-11-07T21:55:27.010088
IIT Madras,Computer Science,2026,1260058,98,1008046,1638075,Salary Survey API,2025-11-07T21:55:27.010088
IIT Madras,Computer Science,2027,1422823,98,1138258,1849669,Salary Survey API,2025-11-07T21:55:27.010088
IIT Madras,Computer Science,2028,1418176,98,1134540,1843628,Salary Survey API,2025-11-07T21:55:27.010088
IIT Madras,Computer Science,2029,1603761,98,1283008,2084889,Salary Survey API,2025-11-07T21:55:27.010088
IIT Madras,Computer Science,2030,1619411,98,1295528,2105234,Salary Survey API,2025-11-07T21:55:27.010088
IIT Madras,Engineering,2025,1231617,98,985293,1601102,Salary Survey API,2025-11-07T21:55:27.010088
IIT Madras,Engineering,2026,1284496,98,1027596,1669844,Salary Survey API,2025-11-07T21:55:27.010088
IIT Madras,Engineering,2027,1308371,98,1046696,1700882,Salary Survey API,2025-11-07T21:55:27.010088
IIT Madras,Engineering,2028,1314828,98,1051862,1709276,Salary Survey API,2025-11-07T21:55:27.010088
IIT Madras,Engineering,2029,1376652,98,1101321,1789647,Salary Survey API,2025-11-07T21:55:27.010088
IIT Madras,Engineering,2030,1449253,98,1159402,1884028,Salary Survey API,2025-11-07T21:55:27.010088
IIT Madras,Data Science,2025,1490878,98,1192702,1938141,Salary Survey API,2025-11-07T21:55:27.010088
IIT Madras,Data Science,2026,1442872,98,1154297,1875733,Salary Survey API,2025-11-07T21:55:27.010088
IIT Madras,Data Science,2027,1501744,98,1201395,1952267,Salary Survey API,2025-11-07T21:55:27.010088
IIT Madras,Data Science,2028,1623294,98,1298635,2110282,Salary Survey API,2025-11-07T21:55:27.010088
IIT Madras,Data Science,2029,1807956,98,1446364,2350342,Salary Survey API,2025-11-07T21:55:27.010088
IIT Madras,Data Science,2030,1777599,98,1422079,2310878,Salary Survey API,2025-11-07T21:55:27.010088
IIT Madras,Business,2025,1005365,98,804292,1306974,Salary Survey API,2025-11-07T21:55:27.010088
IIT Madras,Business,2026,945547,98,756437,1229211,Salary Survey API,2025-11-07T21:55:27.010088
IIT Madras,Business,2027,1052431,98,841944,1368160,Salary Survey API,2025-11-07T21:55:27.010088
IIT Madras,Business,2028,1210828,98,968662,1574076,Salary Survey API,2025-11-07T21:55:27.010088
IIT Madras,Business,2029,1132061,98,905648,1471679,Salary Survey API,2025-11-07T21:55:27.010088
IIT Madras,Business,2030,1316695,98,1053356,1711703,Salary Survey API,2025-11-07T21:55:27.010088
IIT Madras,Medicine,2025,1659682,98,1327745,2157586,Salary Survey API,2025-11-07T21:55:27.010088
IIT Madras,Medicine,2026,1667756,98,1334204,2168082,Salary Survey API,2025-11-07T21:55:27.010088
IIT Madras,Medicine,2027,1961067,98,1568853,2549387,Salary Survey API,2025-11-07T21:55:27.010088
IIT Madras,Medicine,2028,2077166,98,1661732,2700315,Salary Survey API,2025-11-07T21:55:27.010088
IIT Madras,Medicine,2029,1963863,98,1571090,2553021,Salary Survey API,2025-11-07T21:55:27.010088
IIT Madras,Medicine,2030,2284343,98,1827474,2969645,Salary Survey API,2025-11-07T21:55:27.010088
IIT Madras,Law,2025,1180017,98,944013,1534022,Salary Survey API,2025-11-07T21:55:27.010088
IIT Madras,Law,2026,1100996,98,880796,1431294,Salary Survey API,2025-11-07T21:55:27.010088
IIT Madras,Law,2027,1276440,98,1021152,1659372,Salary Survey API,2025-11-07T21:55:27.010088
IIT Madras,Law,2028,1277593,98,1022074,1660870,Salary Survey API,2025-11-07T21:55:27.010088
IIT Madras,Law,2029,1523405,98,1218724,1980426,Salary Survey API,2025-11-07T21:55:27.010088
IIT Madras,Law,2030,1410188,98,1128150,1833244,Salary Survey API,2025-11-07T21:55:27.010088
IIT Madras,Arts,2025,630178,83,504142,819231,Salary Survey API,2025-11-07T21:55:27.010088
IIT Madras,Arts,2026,706814,90,565451,918858,Salary Survey API,2025-11-07T21:55:27.011088
IIT Madras,Arts,2027,687398,88,549918,893617,Salary Survey API,2025-11-07T21:55:27.011088
IIT Madras,Arts,2028,698755,89,559004,908381,Salary Survey API,2025-11-07T21:55:27.011088
IIT Madras,Arts,2029,846549,98,677239,1100513,Salary Survey API,2025-11-07T21:55:27.011088
IIT Madras,Arts,2030,849812,98,679849,1104755,Salary Survey API,2025-11-07T21:55:27.011088
IIT Madras,Psychology,2025,693070,89,554456,900991,Salary Survey API,2025-11-07T21:55:27.011088
IIT Madras,Psychology,2026,709486,90,567588,922331,Salary Survey API,2025-11-07T21:55:27.011088
IIT Madras,Psychology,2027,742954,94,594363,965840,Salary Survey API,2025-11-07T21:55:27.011088
IIT Madras,Psychology,2028,786872,98,629497,1022933,Salary Survey API,2025-11-07T21:55:27.011088
IIT Madras,Psychology,2029,873747,98,698997,1135871,Salary Survey API,2025-11-07T21:55:27.011088
IIT Madras,Psychology,2030,975333,98,780266,1267932,Salary Survey API,2025-11-07T21:55:27.011088
IIT Kanpur,Computer Science,2025,1349677,98,1079741,1754580,Salary Survey API,2025-11-07T21:55:27.011088
IIT Kanpur,Computer Science,2026,1451168,98,1160934,1886518,Salary Survey API,2025-11-07T21:55:27.011088
IIT Kanpur,Computer Science,2027,1352359,98,1081887,1758066,Salary Survey API,2025-11-07T21:55:27.011088
IIT Kanpur,Computer Science,2028,1447862,98,1158289,1882220,Salary Survey API,2025-11-07T21:55:27.011088
IIT Kanpur,Computer Science,2029,1630020,98,1304016,2119026,Salary Survey API,2025-11-07T21:55:27.011088
IIT Kanpur,Computer Science,2030,1636563,98,1309250,2127531,Salary Survey API,2025-11-07T21:55:27.011088
IIT Kanpur,Engineering,2025,1130997,98,904797,1470296,Salary Survey API,2025-11-07T21:55:27.011088
IIT Kanpur,Engineering,2026,1183152,98,946521,1538097,Salary Survey API,2025-11-07T21:55:27.011088
IIT Kanpur,Engineering,2027,1290166,98,1032132,1677215,Salary Survey API,2025-11-07T21:55:27.011088
IIT Kanpur,Engineering,2028,1351858,98,1081486,1757415,Salary Survey API,2025-11-07T21:55:27.011088
IIT Kanpur,Engineering,2029,1403282,98,1122625,1824266,Salary Survey API,2025-11-07T21:55:27.011088
IIT Kanpur,Engineering,2030,1436084,98,1148867,1866909,Salary Survey API,2025-11-07T21:55:27.011088
IIT Kanpur,Data Science,2025,1335939,98,1068751,1736720,Salary Survey API,2025-11-07T21:55:27.011088
IIT Kanpur,Data Science,2026,1543342,98,1234673,2006344,Salary Survey API,2025-11-07T21:55:27.011088
IIT Kanpur,Data Science,2027,1574894,98,1259915,2047362,Salary Survey API,2025-11-07T21:55:27.011088
IIT Kanpur,Data Science,2028,1488237,98,1190589,1934708,Salary Survey API,2025-11-07T21:55:27.011088
IIT Kanpur,Data Science,2029,1584471,98,1267576,2059812,Salary Survey API,2025-11-07T21:55:27.011088
IIT Kanpur,Data Science,2030,1785410,98,1428328,2321033,Salary Survey API,2025-11-07T21:55:27.011088
IIT Kanpur,Business,2025,1064405,98,851524,1383726,Salary Survey API,2025-11-07T21:55:27.011088
IIT Kanpur,Business,2026,1039366,98,831492,1351175,Salary Survey API,2025-11-07T21:55:27.011088
IIT Kanpur,Business,2027,1017270,98,813816,1322451,Salary Survey API,2025-11-07T21:55:27.011088
IIT Kanpur,Business,2028,1199335,98,959468,1559135,Salary Survey API,2025-11-07T21:55:27.011088
IIT Kanpur,Business,2029,1292061,98,1033648,1679679,Salary Survey API,2025-11-07T21:55:27.011088
IIT Kanpur,Business,2030,1193525,98,954820,1551582,Salary Survey API,2025-11-07T21:55:27.011088
IIT Kanpur,Medicine,2025,1761604,98,1409283,2290085,Salary Survey API,2025-11-07T21:55:27.011088
IIT Kanpur,Medicine,2026,1712954,98,1370363,2226840,Salary Survey API,2025-11-07T21:55:27.011088
IIT Kanpur,Medicine,2027,1749656,98,1399724,2274552,Salary Survey API,2025-11-07T21:55:27.011088
IIT Kanpur,Medicine,2028,2040956,98,1632764,2653242,Salary Survey API,2025-11-07T21:55:27.011088
IIT Kanpur,Medicine,2029,2128470,98,1702776,2767011,Salary Survey API,2025-11-07T21:55:27.011088
IIT Kanpur,Medicine,2030,2152980,98,1722384,2798874,Salary Survey API,2025-11-07T21:55:27.011088
IIT Kanpur,Law,2025,1123001,98,898400,1459901,Salary Survey API,2025-11-07T21:55:27.011088
IIT Kanpur,Law,2026,1172737,98,938189,1524558,Salary Survey API,2025-11-07T21:55:27.011088
IIT Kanpur,Law,2027,1316019,98,1052815,1710824,Salary Survey API,2025-11-07T21:55:27.011088
IIT Kanpur,Law,2028,1348293,98,1078634,1752780,Salary Survey API,2025-11-07T21:55:27.011088
IIT Kanpur,Law,2029,1343712,98,1074969,1746825,Salary Survey API,2025-11-07T21:55:27.011088
IIT Kanpur,Law,2030,1536778,98,1229422,1997811,Salary Survey API,2025-11-07T21:55:27.011088
IIT Kanpur,Arts,2025,712195,91,569756,925853,Salary Survey API,2025-11-07T21:55:27.011088
IIT Kanpur,Arts,2026,654965,85,523972,851454,Salary Survey API,2025-11-07T21:55:27.011088
IIT Kanpur,Arts,2027,749387,94,599509,974203,Salary Survey API,2025-11-07T21:55:27.011088
IIT Kanpur,Arts,2028,812098,98,649678,1055727,Salary Survey API,2025-11-07T21:55:27.011088
IIT Kanpur,Arts,2029,736653,93,589322,957648,Salary Survey API,2025-11-07T21:55:27.011088
IIT Kanpur,Arts,2030,888528,98,710822,1155086,Salary Survey API,2025-11-07T21:55:27.011088
IIT Kanpur,Psychology,2025,674990,87,539992,877487,Salary Survey API,2025-11-07T21:55:27.011088
IIT Kanpur,Psychology,2026,815838,98,652670,1060589,Salary Survey API,2025-11-07T21:55:27.011088
IIT Kanpur,Psychology,2027,819719,98,655775,1065634,Salary Survey API,2025-11-07T21:55:27.011088
IIT Kanpur,Psychology,2028,881427,98,705141,1145855,Salary Survey API,2025-11-07T21:55:27.011088
IIT Kanpur,Psychology,2029,871497,98,697197,1132946,Salary Survey API,2025-11-07T21:55:27.011088
IIT Kanpur,Psychology,2030,878898,98,703118,1142567,Salary Survey API,2025-11-07T21:55:27.011088
Anna University,Computer Science,2025,1079286,98,863428,1403071,Salary Survey API,2025-11-07T21:55:27.011088
Anna University,Computer Science,2026,1238203,98,990562,1609663,Salary Survey API,2025-11-07T21:55:27.011088
Anna University,Computer Science,2027,1364477,98,1091581,1773820,Salary Survey API,2025-11-07T21:55:27.011088
Anna University,Computer Science,2028,1377557,98,1102045,1790824,Salary Survey API,2025-11-07T21:55:27.011088
Anna University,Computer Science,2029,1397927,98,1118341,1817305,Salary Survey API,2025-11-07T21:55:27.011088
Anna University,Computer Science,2030,1458917,98,1167133,1896592,Salary Survey API,2025-11-07T21:55:27.011088
Anna University,Engineering,2025,1066333,98,853066,1386232,Salary Survey API,2025-11-07T21:55:27.011088
Anna University,Engineering,2026,1198084,98,958467,1557509,Salary Survey API,2025-11-07T21:55:27.011088
Anna University,Engineering,2027,1127618,98,902094,1465903,Salary Survey API,2025-11-07T21:55:27.011088
Anna University,Engineering,2028,1231425,98,985140,1600852,Salary Survey API,2025-11-07T21:55:27.011088
Anna University,Engineering,2029,1424322,98,1139457,1851618,Salary Survey API,2025-11-07T21:55:27.011088
Anna University,Engineering,2030,1447758,98,1158206,1882085,Salary Survey API,2025-11-07T21:55:27.011088
Anna University,Data Science,2025,1287842,98,1030273,1674194,Salary Survey API,2025-11-07T21:55:27.011088
Anna University,Data Science,2026,1238772,98,991017,1610403,Salary Survey API,2025-11-07T21:55:27.011088
Anna University,Data Science,2027,1281590,98,1025272,1666067,Salary Survey API,2025-11-07T21:55:27.011088
Anna University,Data Science,2028,1529809,98,1223847,1988751,Salary Survey API,2025-11-07T21:55:27.011088
Anna University,Data Science,2029,1354681,98,1083744,1761085,Salary Survey API,2025-11-07T21:55:27.011088
Anna University,Data Science,2030,1692490,98,1353992,2200237,Salary Survey API,2025-11-07T21:55:27.011088
Anna University,Business,2025,840804,98,672643,1093045,Salary Survey API,2025-11-07T21:55:27.011088
Anna University,Business,2026,821570,98,657256,1068041,Salary Survey API,2025-11-07T21:55:27.011088
Anna University,Business,2027,859387,98,687509,1117203,Salary Survey API,2025-11-07T21:55:27.011088
Anna University,Business,2028,1042055,98,833644,1354671,Salary Survey API,2025-11-07T21:55:27.011088
Anna University,Business,2029,1043535,98,834828,1356595,Salary Survey API,2025-11-07T21:55:27.011088
Anna University,Business,2030,1155584,98,924467,1502259,Salary Survey API,2025-11-07T21:55:27.011088
Anna University,Medicine,2025,1303687,98,1042949,1694793,Salary Survey API,2025-11-07T21:55:27.011088
Anna University,Medicine,2026,1557574,98,1246059,2024846,Salary Survey API,2025-11-07T21:55:27.011088
Anna University,Medicine,2027,1519316,98,1215452,1975110,Salary Survey API,2025-11-07T21:55:27.012083
Anna University,Medicine,2028,1769722,98,1415777,2300638,Salary Survey API,2025-11-07T21:55:27.012083
Anna University,Medicine,2029,1672168,98,1337734,2173818,Salary Survey API,2025-11-07T21:55:27.012083
Anna University,Medicine,2030,1870666,98,1496532,2431865,Salary Survey API,2025-11-07T21:55:27.012083
Anna University,Law,2025,1032081,98,825664,1341705,Salary Survey API,2025-11-07T21:55:27.012083
Anna University,Law,2026,999617,98,799693,1299502,Salary Survey API,2025-11-07T21:55:27.012083
Anna University,Law,2027,1017614,98,814091,1322898,Salary Survey API,2025-11-07T21:55:27.012083
Anna University,Law,2028,1066838,98,853470,1386889,Salary Survey API,2025-11-07T21:55:27.012083
Anna University,Law,2029,1298034,98,1038427,1687444,Salary Survey API,2025-11-07T21:55:27.012083
Anna University,Law,2030,1219242,98,975393,1585014,Salary Survey API,2025-11-07T21:55:27.012083
Anna University,Arts,2025,555309,75,444247,721901,Salary Survey API,2025-11-07T21:55:27.012083
Anna University,Arts,2026,638412,83,510729,829935,Salary Survey API,2025-11-07T21:55:27.012083
Anna University,Arts,2027,677194,87,541755,880352,Salary Survey API,2025-11-07T21:55:27.012083
Anna University,Arts,2028,667630,86,534104,867919,Salary Survey API,2025-11-07T21:55:27.012083
Anna University,Arts,2029,760063,96,608050,988081,Salary Survey API,2025-11-07T21:55:27.012083
Anna University,Arts,2030,724129,92,579303,941367,Salary Survey API,2025-11-07T21:55:27.012083
Anna University,Psychology,2025,670139,87,536111,871180,Salary Survey API,2025-11-07T21:55:27.012083
Anna University,Psychology,2026,712669,91,570135,926469,Salary Survey API,2025-11-07T21:55:27.012083
Anna University,Psychology,2027,770694,97,616555,1001902,Salary Survey API,2025-11-07T21:55:27.012083
Anna University,Psychology,2028,681554,88,545243,886020,Salary Survey API,2025-11-07T21:55:27.012083
Anna University,Psychology,2029,773501,97,618800,1005551,Salary Survey API,2025-11-07T21:55:27.012083
Anna University,Psychology,2030,804696,98,643756,1046104,Salary Survey API,2025-11-07T21:55:27.012083
JNTU Hyderabad,Computer Science,2025,829810,98,663848,1078753,Salary Survey API,2025-11-07T21:55:27.012083
JNTU Hyderabad,Computer Science,2026,843244,98,674595,1096217,Salary Survey API,2025-11-07T21:55:27.012083
JNTU Hyderabad,Computer Science,2027,925169,98,740135,1202719,Salary Survey API,2025-11-07T21:55:27.012083
JNTU Hyderabad,Computer Science,2028,1013764,98,811011,1317893,Salary Survey API,2025-11-07T21:55:27.012083
JNTU Hyderabad,Computer Science,2029,1112596,98,890076,1446374,Salary Survey API,2025-11-07T21:55:27.012083
JNTU Hyderabad,Computer Science,2030,1149362,98,919489,1494170,Salary Survey API,2025-11-07T21:55:27.012083
JNTU Hyderabad,Engineering,2025,872104,98,697683,1133735,Salary Survey API,2025-11-07T21:55:27.012083
JNTU Hyderabad,Engineering,2026,937477,98,749981,1218720,Salary Survey API,2025-11-07T21:55:27.012083
JNTU Hyderabad,Engineering,2027,856408,98,685126,1113330,Salary Survey API,2025-11-07T21:55:27.012083
JNTU Hyderabad,Engineering,2028,1029858,98,823886,1338815,Salary Survey API,2025-11-07T21:55:27.012083
JNTU Hyderabad,Engineering,2029,921261,98,737008,1197639,Salary Survey API,2025-11-07T21:55:27.012083
JNTU Hyderabad,Engineering,2030,1109358,98,887486,1442165,Salary Survey API,2025-11-07T21:55:27.012083
JNTU Hyderabad,Data Science,2025,943389,98,754711,1226405,Salary Survey API,2025-11-07T21:55:27.012083
JNTU Hyderabad,Data Science,2026,1038714,98,830971,1350328,Salary Survey API,2025-11-07T21:55:27.012083
JNTU Hyderabad,Data Science,2027,1109160,98,887328,1441908,Salary Survey API,2025-11-07T21:55:27.012083
JNTU Hyderabad,Data Science,2028,1048222,98,838577,1362688,Salary Survey API,2025-11-07T21:55:27.012083
JNTU Hyderabad,Data Science,2029,1090933,98,872746,1418212,Salary Survey API,2025-11-07T21:55:27.012083
JNTU Hyderabad,Data Science,2030,1085912,98,868729,1411685,Salary Survey API,2025-11-07T21:55:27.012083
JNTU Hyderabad,Business,2025,658366,85,526692,855875,Salary Survey API,2025-11-07T21:55:27.012083
JNTU Hyderabad,Business,2026,628515,82,502812,817069,Salary Survey API,2025-11-07T21:55:27.012083
JNTU Hyderabad,Business,2027,786797,98,629437,1022836,Salary Survey API,2025-11-07T21:55:27.012083
JNTU Hyderabad,Business,2028,832360,98,665888,1082068,Salary Survey API,2025-11-07T21:55:27.012083
JNTU Hyderabad,Business,2029,870791,98,696632,1132028,Salary Survey API,2025-11-07T21:55:27.012083
JNTU Hyderabad,Business,2030,820459,98,656367,1066596,Salary Survey API,2025-11-07T21:55:27.012083
JNTU Hyderabad,Medicine,2025,1165167,98,932133,1514717,Salary Survey API,2025-11-07T21:55:27.012083
JNTU Hyderabad,Medicine,2026,1188681,98,950944,1545285,Salary Survey API,2025-11-07T21:55:27.012083
JNTU Hyderabad,Medicine,2027,1296904,98,1037523,1685975,Salary Survey API,2025-11-07T21:55:27.012083
JNTU Hyderabad,Medicine,2028,1184742,98,947793,1540164,Salary Survey API,2025-11-07T21:55:27.012083
JNTU Hyderabad,Medicine,2029,1345183,98,1076146,1748737,Salary Survey API,2025-11-07T21:55:27.012083
JNTU Hyderabad,Medicine,2030,1438726,98,1150980,1870343,Salary Survey API,2025-11-07T21:55:27.012083
JNTU Hyderabad,Law,2025,838064,98,670451,1089483,Salary Survey API,2025-11-07T21:55:27.012083
JNTU Hyderabad,Law,2026,854613,98,683690,1110996,Salary Survey API,2025-11-07T21:55:27.012083
JNTU Hyderabad,Law,2027,903710,98,722968,1174823,Salary Survey API,2025-11-07T21:55:27.012083
JNTU Hyderabad,Law,2028,967257,98,773805,1257434,Salary Survey API,2025-11-07T21:55:27.012083
JNTU Hyderabad,Law,2029,1026642,98,821313,1334634,Salary Survey API,2025-11-07T21:55:27.012083
JNTU Hyderabad,Law,2030,918445,98,734756,1193978,Salary Survey API,2025-11-07T21:55:27.012083
JNTU Hyderabad,Arts,2025,423521,62,338816,550577,Salary Survey API,2025-11-07T21:55:27.012083
JNTU Hyderabad,Arts,2026,428589,62,342871,557165,Salary Survey API,2025-11-07T21:55:27.012083
JNTU Hyderabad,Arts,2027,485152,68,388121,630697,Salary Survey API,2025-11-07T21:55:27.012083
JNTU Hyderabad,Arts,2028,553531,75,442824,719590,Salary Survey API,2025-11-07T21:55:27.012083
JNTU Hyderabad,Arts,2029,498276,69,398620,647758,Salary Survey API,2025-11-07T21:55:27.012083
JNTU Hyderabad,Arts,2030,571811,77,457448,743354,Salary Survey API,2025-11-07T21:55:27.012083
JNTU Hyderabad,Psychology,2025,506797,70,405437,658836,Salary Survey API,2025-11-07T21:55:27.012083
JNTU Hyderabad,Psychology,2026,538519,73,430815,700074,Salary Survey API,2025-11-07T21:55:27.012083
JNTU Hyderabad,Psychology,2027,596003,79,476802,774803,Salary Survey API,2025-11-07T21:55:27.012083
JNTU Hyderabad,Psychology,2028,590572,79,472457,767743,Salary Survey API,2025-11-07T21:55:27.012083
JNTU Hyderabad,Psychology,2029,560012,76,448009,728015,Salary Survey API,2025-11-07T21:55:27.012083
JNTU Hyderabad,Psychology,2030,678138,87,542510,881579,Salary Survey API,2025-11-07T21:55:27.012083
Osmania University,Computer Science,2025,949123,98,759298,1233859,Salary Survey API,2025-11-07T21:55:27.012083
Osmania University,Computer Science,2026,944203,98,755362,1227463,Salary Survey API,2025-11-07T21:55:27.012083
Osmania University,Computer Science,2027,945464,98,756371,1229103,Salary Survey API,2025-11-07T21:55:27.012083
Osmania University,Computer Science,2028,1085200,98,868160,1410760,Salary Survey API,2025-11-07T21:55:27.012083
Osmania University,Computer Science,2029,1079016,98,863212,1402720,Salary Survey API,2025-11-07T21:55:27.012083
Osmania University,Computer Science,2030,1057512,98,846009,1374765,Salary Survey API,2025-11-07T21:55:27.012083
Osmania University,Engineering,2025,769356,96,615484,1000162,Salary Survey API,2025-11-07T21:55:27.012083
Osmania University,Engineering,2026,945455,98,756364,1229091,Salary Survey API,2025-11-07T21:55:27.012083
Osmania University,Engineering,2027,988507,98,790805,1285059,Salary Survey API,2025-11-07T21:55:27.012083
Osmania University,Engineering,2028,875005,98,700004,1137506,Salary Survey API,2025-11-07T21:55:27.012083
Osmania University,Engineering,2029,1035905,98,828724,1346676,Salary Survey API,2025-11-07T21:55:27.012083
Osmania University,Engineering,2030,1088843,98,871074,1415495,Salary Survey API,2025-11-07T21:55:27.012083
Osmania University,Data Science,2025,941143,98,752914,1223485,Salary Survey API,2025-11-07T21:55:27.012083
Osmania University,Data Science,2026,893728,98,714982,1161846,Salary Survey API,2025-11-07T21:55:27.013085
Osmania University,Data Science,2027,941367,98,753093,1223777,Salary Survey API,2025-11-07T21:55:27.013085
Osmania University,Data Science,2028,1169323,98,935458,1520119,Salary Survey API,2025-11-07T21:55:27.013085
Osmania University,Data Science,2029,1116450,98,893160,1451385,Salary Survey API,2025-11-07T21:55:27.013085
Osmania University,Data Science,2030,1136017,98,908813,1476822,Salary Survey API,2025-11-07T21:55:27.013085
Osmania University,Business,2025,674258,87,539406,876535,Salary Survey API,2025-11-07T21:55:27.013085
Osmania University,Business,2026,707164,90,565731,919313,Salary Survey API,2025-11-07T21:55:27.013085
Osmania University,Business,2027,760751,96,608600,988976,Salary Survey API,2025-11-07T21:55:27.013085
Osmania University,Business,2028,711504,91,569203,924955,Salary Survey API,2025-11-07T21:55:27.013085
Osmania University,Business,2029,839141,98,671312,1090883,Salary Survey API,2025-11-07T21:55:27.013085
Osmania University,Business,2030,779162,97,623329,1012910,Salary Survey API,2025-11-07T21:55:27.013085
Osmania University,Medicine,2025,1023998,98,819198,1331197,Salary Survey API,2025-11-07T21:55:27.013085
Osmania University,Medicine,2026,1112591,98,890072,1446368,Salary Survey API,2025-11-07T21:55:27.013085
Osmania University,Medicine,2027,1275468,98,1020374,1658108,Salary Survey API,2025-11-07T21:55:27.013085
Osmania University,Medicine,2028,1175422,98,940337,1528048,Salary Survey API,2025-11-07T21:55:27.013085
Osmania University,Medicine,2029,1453456,98,1162764,1889492,Salary Survey API,2025-11-07T21:55:27.013085
Osmania University,Medicine,2030,1281639,98,1025311,1666130,Salary Survey API,2025-11-07T21:55:27.013085
Osmania University,Law,2025,804536,98,643628,1045896,Salary Survey API,2025-11-07T21:55:27.013085
Osmania University,Law,2026,748394,94,598715,972912,Salary Survey API,2025-11-07T21:55:27.013085
Osmania University,Law,2027,780821,98,624656,1015067,Salary Survey API,2025-11-07T21:55:27.013085
Osmania University,Law,2028,906196,98,724956,1178054,Salary Survey API,2025-11-07T21:55:27.013085
Osmania University,Law,2029,1000889,98,800711,1301155,Salary Survey API,2025-11-07T21:55:27.013085
Osmania University,Law,2030,966985,98,773588,1257080,Salary Survey API,2025-11-07T21:55:27.013085
Osmania University,Arts,2025,440314,64,352251,572408,Salary Survey API,2025-11-07T21:55:27.013085
Osmania University,Arts,2026,472131,67,377704,613770,Salary Survey API,2025-11-07T21:55:27.013085
Osmania University,Arts,2027,452818,65,362254,588663,Salary Survey API,2025-11-07T21:55:27.013085
Osmania University,Arts,2028,522056,72,417644,678672,Salary Survey API,2025-11-07T21:55:27.013085
Osmania University,Arts,2029,514241,71,411392,668513,Salary Survey API,2025-11-07T21:55:27.013085
Osmania University,Arts,2030,533288,73,426630,693274,Salary Survey API,2025-11-07T21:55:27.013085
Osmania University,Psychology,2025,515856,71,412684,670612,Salary Survey API,2025-11-07T21:55:27.013085
Osmania University,Psychology,2026,499661,69,399728,649559,Salary Survey API,2025-11-07T21:55:27.013085
Osmania University,Psychology,2027,521409,72,417127,677831,Salary Survey API,2025-11-07T21:55:27.013085
Osmania University,Psychology,2028,627515,82,502012,815769,Salary Survey API,2025-11-07T21:55:27.013085
Osmania University,Psychology,2029,577584,77,462067,750859,Salary Survey API,2025-11-07T21:55:27.013085
Osmania University,Psychology,2030,648712,84,518969,843325,Salary Survey API,2025-11-07T21:55:27.013085
